"트렌드","검색량","시작일","종료","트렌드 분석","탐색 링크"
"박왕열","1만+","2026년 3월 25일 AM 7시 10분 0초 UTC+9",,"박왕열,황하나","./explore?q=%EB%B0%95%EC%99%95%EC%97%B4&geo=KR"
"안전공업","5만+","2026년 3월 20일 PM 3시 0분 0초 UTC+9",,"안전공업,대전 화재,대전 공장 화재,대전,대전 안전공업,대전 불,문평동 공업 화재,화재,문평동 화재,문평동,대전 문평동,허민,대전 문평동 화재,대덕구 화재,대전 화재 회사,대전 대덕구 문평동,안전공업 화재,나트륨 폭발,뉴스속보,불","./explore?q=%EC%95%88%EC%A0%84%EA%B3%B5%EC%97%85&geo=KR"
"차량 5 부제","1만+","2026년 3월 24일 PM 5시 30분 0초 UTC+9",,"차량 5 부제,차량5부제,5부제,차량 5부제,5부제 시행,자동차 5부제,제주도","./explore?q=%EC%B0%A8%EB%9F%89%205%20%EB%B6%80%EC%A0%9C&geo=KR"
"2026 3월 모의고사","2만+","2026년 3월 24일 AM 7시 40분 0초 UTC+9",,"2026 3월 모의고사,3모,3월 모의고사,고3 3모,모의고사,등급컷,2027 3월 모의고사,모의고사 등급컷,이투스,3월 모의고사 등급컷,2026 3월 모의고사 등급컷,2026 3월 모의고사 고1,2026 3 월 모의고사 등급컷,모고 등급컷,2026 고1 3월 모의고사 등급컷,고1 3월 모의고사 등급컷,3월 모의고사 2026,2026 고1 3월 모의고사,고1 3월 모의고사,2026년 3월 모의고사,모의고사 등급컷 고1,2026 고2 3월 모의고사 등급컷,2026 고3 3월 모의고사 등급컷,2026 고2 3월 모의고사,국어 등급컷","./explore?q=2026%203%EC%9B%94%20%EB%AA%A8%EC%9D%98%EA%B3%A0%EC%82%AC&geo=KR"
"종량제 봉투 대란","1만+","2026년 3월 24일 PM 2시 0분 0초 UTC+9",,"종량제 봉투 대란,나프타,쓰레기 봉투 대란,종량제봉투,쓰레기봉투,쓰레기봉투 대란,쓰레기봉투 사재기,종량제 봉투,종량제닷컴","./explore?q=%EC%A2%85%EB%9F%89%EC%A0%9C%20%EB%B4%89%ED%88%AC%20%EB%8C%80%EB%9E%80&geo=KR"
"송성문","1천+","2026년 3월 26일 AM 6시 50분 0초 UTC+9",,"송성문,이정후,샌프란시스코 자이언츠","./explore?q=%EC%86%A1%EC%84%B1%EB%AC%B8&geo=KR"
"구글 터보퀀트","500+","2026년 3월 26일 AM 8시 50분 0초 UTC+9",,"구글 터보퀀트,구글 주가","./explore?q=%EA%B5%AC%EA%B8%80%20%ED%84%B0%EB%B3%B4%ED%80%80%ED%8A%B8&geo=KR"
"메쥬","500+","2026년 3월 26일 AM 8시 50분 0초 UTC+9",,"메쥬","./explore?q=%EB%A9%94%EC%A5%AC&geo=KR"
"민생지원금","2천+","2026년 3월 23일 PM 10시 50분 0초 UTC+9",,"민생지원금,k패스,경향신문","./explore?q=%EB%AF%BC%EC%83%9D%EC%A7%80%EC%9B%90%EA%B8%88&geo=KR"
"홍서범","1천+","2026년 3월 25일 PM 10시 30분 0초 UTC+9",,"홍서범,홍서범 아들,홍석준","./explore?q=%ED%99%8D%EC%84%9C%EB%B2%94&geo=KR"
"모두의 창업","200+","2026년 3월 26일 AM 8시 0분 0초 UTC+9",,"모두의 창업,모두의창업","./explore?q=%EB%AA%A8%EB%91%90%EC%9D%98%20%EC%B0%BD%EC%97%85&geo=KR"
"김효진","2천+","2026년 3월 25일 PM 11시 50분 0초 UTC+9",,"김효진,유지태,장항준","./explore?q=%EA%B9%80%ED%9A%A8%EC%A7%84&geo=KR"
"kf-21","2천+","2026년 3월 25일 PM 3시 0분 0초 UTC+9",,"kf-21,kf21","./explore?q=kf-21&geo=KR"
"토트넘 대 노팅엄 포레스트","10만+","2026년 3월 22일 PM 10시 20분 0초 UTC+9","2026년 3월 25일 AM 8시 10분 0초 UTC+9","토트넘 대 노팅엄 포레스트,토트넘,프리미어리그,토트넘 대 노팅엄 포레스트 순위,프리미어리그 순위,토트넘 노팅엄,웨스트햄,토트넘 강등,토트넘 순위,투도르,토트넘 경기,노팅엄","./explore?q=%ED%86%A0%ED%8A%B8%EB%84%98%20%EB%8C%80%20%EB%85%B8%ED%8C%85%EC%97%84%20%ED%8F%AC%EB%A0%88%EC%8A%A4%ED%8A%B8&geo=KR"
"turboquant","200+","2026년 3월 26일 AM 7시 10분 0초 UTC+9",,"turboquant","./explore?q=turboquant&geo=KR"
"권경애","200+","2026년 3월 26일 AM 10시 0분 0초 UTC+9",,"권경애","./explore?q=%EA%B6%8C%EA%B2%BD%EC%95%A0&geo=KR"
"산이","500+","2026년 3월 26일 AM 1시 20분 0초 UTC+9",,"산이","./explore?q=%EC%82%B0%EC%9D%B4&geo=KR"
"국민체육진흥공단","200+","2026년 3월 26일 AM 9시 20분 0초 UTC+9",,"국민체육진흥공단","./explore?q=%EA%B5%AD%EB%AF%BC%EC%B2%B4%EC%9C%A1%EC%A7%84%ED%9D%A5%EA%B3%B5%EB%8B%A8&geo=KR"
"오스틴 대 엘에이 fc","10만+","2026년 3월 22일 AM 8시 50분 0초 UTC+9","2026년 3월 23일 PM 1시 40분 0초 UTC+9","오스틴 대 엘에이 fc","./explore?q=%EC%98%A4%EC%8A%A4%ED%8B%B4%20%EB%8C%80%20%EC%97%98%EC%97%90%EC%9D%B4%20fc&geo=KR"
"bts","5만+","2026년 3월 19일 PM 7시 30분 0초 UTC+9","2026년 3월 23일 AM 10시 30분 0초 UTC+9","bts,dynamite bts,bts arirang,lili reinhart,bts concert 2026,bts live,bts concert,bts members,swim bts,arirang,bts swim,melon,weverse,bts netflix","./explore?q=bts&geo=KR"
"아스널 대 맨 시티","5만+","2026년 3월 23일 AM 12시 30분 0초 UTC+9","2026년 3월 24일 AM 9시 10분 0초 UTC+9","아스널 대 맨 시티,리그컵,카라바오컵,아스날 맨시티,후사노프,맨시티,아스날,맨시티 아스날,케파,오라일리,케파 아리사발라가,니코 오라일리,아스널,카라바오","./explore?q=%EC%95%84%EC%8A%A4%EB%84%90%20%EB%8C%80%20%EB%A7%A8%20%EC%8B%9C%ED%8B%B0&geo=KR"
"mlb","500+","2026년 3월 26일 AM 8시 40분 0초 UTC+9","2026년 3월 26일 AM 10시 50분 0초 UTC+9","mlb","./explore?q=mlb&geo=KR"
"30기 영철","200+","2026년 3월 26일 AM 4시 20분 0초 UTC+9",,"30기 영철","./explore?q=30%EA%B8%B0%20%EC%98%81%EC%B2%A0&geo=KR"
"방탄소년단","10만+","2026년 3월 20일 AM 7시 20분 0초 UTC+9","2026년 3월 24일 AM 7시 0분 0초 UTC+9","방탄소년단,방탄,광화문,bts 공연,방탄 광화문 공연,bts 광화문,bts 광화문 공연 시간,뷔,광화문 bts,아리랑,방탄 광화문,광화문 bts 공연,bts 공연 시간,멜론차트,넷플릭스 bts,비티에스,bts 아리랑,제이홉,비티에스 광화문 콘서트,bts 라이브,bts 광화문 공연 중계,방탄소년단 광화문 공연,bts공연,bts 광화문 공연 티켓 가격,하이브,아미,아리랑 bts,bts 멤버,릴리 라인하트,bts 광화문 공연 가격,bts 컴백,bts 콘서트,bts 공연시간,넷플,방탄 광화문 공연 시간,방탄 공연,bts 넷플릭스,넷플릭스 라이브,광화문광장,bts 중계,광화문 실시간,bts 생중계,방탄 공연 시간,비티에스 공연,세종문화회관,bts 광화문 공연 라이브,bts 컴백 라이브,방탄소년단 광화문,방탄 라이브,방탄 아리랑,bts 공연 중계,네이버지도,bts 광화문 공연 무료,bts 실시간,bts 신곡,bts라이브,경복궁,bts 광화문 공연 예매,넷플릭스 실시간 tv,bts 공연 일정,bts공연시간,bts 광화문 공연 티켓,bts 리더,광화문 인파,bts 넷플릭스 생중계,방탄 콘서트","./explore?q=%EB%B0%A9%ED%83%84%EC%86%8C%EB%85%84%EB%8B%A8&geo=KR"
"이혁재","200+","2026년 3월 25일 PM 10시 10분 0초 UTC+9",,"이혁재","./explore?q=%EC%9D%B4%ED%98%81%EC%9E%AC&geo=KR"
"레알 마드리드 대 아틀레티코","2만+","2026년 3월 23일 AM 4시 10분 0초 UTC+9","2026년 3월 24일 AM 7시 20분 0초 UTC+9","레알 마드리드 대 아틀레티코,레알마드리드,레알,레알 마드리드","./explore?q=%EB%A0%88%EC%95%8C%20%EB%A7%88%EB%93%9C%EB%A6%AC%EB%93%9C%20%EB%8C%80%20%EC%95%84%ED%8B%80%EB%A0%88%ED%8B%B0%EC%BD%94&geo=KR"
"본머스 대 맨유","5만+","2026년 3월 21일 AM 4시 10분 0초 UTC+9","2026년 3월 23일 AM 8시 50분 0초 UTC+9","본머스 대 맨유,맨유,본머스","./explore?q=%EB%B3%B8%EB%A8%B8%EC%8A%A4%20%EB%8C%80%20%EB%A7%A8%EC%9C%A0&geo=KR"
"쿠키런 오븐스매시","200+","2026년 3월 26일 AM 12시 50분 0초 UTC+9",,"쿠키런 오븐스매시,쿠키런","./explore?q=%EC%BF%A0%ED%82%A4%EB%9F%B0%20%EC%98%A4%EB%B8%90%EC%8A%A4%EB%A7%A4%EC%8B%9C&geo=KR"
"강소라","5천+","2026년 3월 23일 PM 10시 30분 0초 UTC+9","2026년 3월 26일 AM 9시 40분 0초 UTC+9","강소라,강소라 남편","./explore?q=%EA%B0%95%EC%86%8C%EB%9D%BC&geo=KR"
"브라이턴 대 리버풀","2만+","2026년 3월 21일 PM 8시 40분 0초 UTC+9","2026년 3월 23일 AM 8시 30분 0초 UTC+9","브라이턴 대 리버풀","./explore?q=%EB%B8%8C%EB%9D%BC%EC%9D%B4%ED%84%B4%20%EB%8C%80%20%EB%A6%AC%EB%B2%84%ED%92%80&geo=KR"
"로또1216회","2만+","2026년 3월 21일 PM 10시 50분 0초 UTC+9","2026년 3월 26일 AM 8시 10분 0초 UTC+9","로또1216회,로또1216회당첨번호,로또1216,1216 회 로또 당첨 번호,로또1216당첨번호,로또 당첨번호,로또 1216 회,로또당첨지역","./explore?q=%EB%A1%9C%EB%98%901216%ED%9A%8C&geo=KR"
"sora","200+","2026년 3월 25일 AM 9시 10분 0초 UTC+9",,"sora","./explore?q=sora&geo=KR"
"강원기","2천+","2026년 3월 24일 PM 5시 20분 0초 UTC+9","2026년 3월 26일 AM 7시 20분 0초 UTC+9","강원기,강원기 퇴사","./explore?q=%EA%B0%95%EC%9B%90%EA%B8%B0&geo=KR"
"날씨","10만+","2026년 3월 25일 AM 7시 0분 0초 UTC+9","2026년 3월 25일 AM 8시 0분 0초 UTC+9","날씨,미세먼지,대구날씨,오늘 미세먼지,제주도 날씨,서울날씨","./explore?q=%EB%82%A0%EC%94%A8&geo=KR"
"바이에른 대 우니온 베를린","2만+","2026년 3월 21일 PM 10시 30분 0초 UTC+9","2026년 3월 23일 AM 8시 0분 0초 UTC+9","바이에른 대 우니온 베를린,정우영,김민재,케인","./explore?q=%EB%B0%94%EC%9D%B4%EC%97%90%EB%A5%B8%20%EB%8C%80%20%EC%9A%B0%EB%8B%88%EC%98%A8%20%EB%B2%A0%EB%A5%BC%EB%A6%B0&geo=KR"
"신현송","5천+","2026년 3월 22일 PM 3시 40분 0초 UTC+9","2026년 3월 25일 PM 10시 20분 0초 UTC+9","신현송,이창용,한국","./explore?q=%EC%8B%A0%ED%98%84%EC%86%A1&geo=KR"
"나나","1만+","2026년 3월 21일 PM 11시 20분 0초 UTC+9","2026년 3월 26일 AM 3시 50분 0초 UTC+9","나나","./explore?q=%EB%82%98%EB%82%98&geo=KR"
"엘레나 리바키나","500+","2026년 3월 26일 AM 5시 0분 0초 UTC+9","2026년 3월 26일 AM 8시 0분 0초 UTC+9","엘레나 리바키나","./explore?q=%EC%97%98%EB%A0%88%EB%82%98%20%EB%A6%AC%EB%B0%94%ED%82%A4%EB%82%98&geo=KR"
"뉴캐슬 대 선덜랜드","1만+","2026년 3월 22일 PM 8시 10분 0초 UTC+9","2026년 3월 23일 PM 1시 40분 0초 UTC+9","뉴캐슬 대 선덜랜드,선덜랜드","./explore?q=%EB%89%B4%EC%BA%90%EC%8A%AC%20%EB%8C%80%20%EC%84%A0%EB%8D%9C%EB%9E%9C%EB%93%9C&geo=KR"
"살라","1천+","2026년 3월 25일 AM 7시 20분 0초 UTC+9","2026년 3월 26일 AM 8시 20분 0초 UTC+9","살라","./explore?q=%EC%82%B4%EB%9D%BC&geo=KR"
"노동절","5천+","2026년 3월 24일 AM 11시 30분 0초 UTC+9","2026년 3월 25일 PM 6시 10분 0초 UTC+9","노동절,5월 1일 공휴일,5월 1일,근로자의 날,노동절 공휴일,근로자의날,5월1일,5월1일 공휴일","./explore?q=%EB%85%B8%EB%8F%99%EC%A0%88&geo=KR"
"에버턴 대 첼시","2만+","2026년 3월 22일 AM 1시 40분 0초 UTC+9","2026년 3월 23일 AM 8시 30분 0초 UTC+9","에버턴 대 첼시,에버튼","./explore?q=%EC%97%90%EB%B2%84%ED%84%B4%20%EB%8C%80%20%EC%B2%BC%EC%8B%9C&geo=KR"
"바르셀로나 대 라요","1만+","2026년 3월 22일 PM 9시 10분 0초 UTC+9","2026년 3월 23일 PM 7시 10분 0초 UTC+9","바르셀로나 대 라요,라리가","./explore?q=%EB%B0%94%EB%A5%B4%EC%85%80%EB%A1%9C%EB%82%98%20%EB%8C%80%20%EB%9D%BC%EC%9A%94&geo=KR"
"김부겸","1천+","2026년 3월 25일 PM 12시 10분 0초 UTC+9","2026년 3월 26일 AM 8시 50분 0초 UTC+9","김부겸,국민의힘","./explore?q=%EA%B9%80%EB%B6%80%EA%B2%B8&geo=KR"
"독도","1천+","2026년 3월 26일 AM 9시 50분 0초 UTC+9","2026년 3월 26일 AM 10시 30분 0초 UTC+9","독도","./explore?q=%EB%8F%85%EB%8F%84&geo=KR"
"이디야 포켓몬","100+","2026년 3월 26일 AM 8시 30분 0초 UTC+9","2026년 3월 26일 AM 10시 50분 0초 UTC+9","이디야 포켓몬","./explore?q=%EC%9D%B4%EB%94%94%EC%95%BC%20%ED%8F%AC%EC%BC%93%EB%AA%AC&geo=KR"
"박홍근","2천+","2026년 3월 23일 AM 11시 30분 0초 UTC+9","2026년 3월 25일 AM 8시 20분 0초 UTC+9","박홍근","./explore?q=%EB%B0%95%ED%99%8D%EA%B7%BC&geo=KR"
"삼천당제약","2천+","2026년 3월 24일 AM 9시 0분 0초 UTC+9","2026년 3월 26일 AM 11시 0분 0초 UTC+9","삼천당제약,삼천당제약 주가","./explore?q=%EC%82%BC%EC%B2%9C%EB%8B%B9%EC%A0%9C%EC%95%BD&geo=KR"
"뉴욕 시티 대 인터 마이애미","1만+","2026년 3월 23일 AM 1시 10분 0초 UTC+9","2026년 3월 23일 PM 4시 20분 0초 UTC+9","뉴욕 시티 대 인터 마이애미","./explore?q=%EB%89%B4%EC%9A%95%20%EC%8B%9C%ED%8B%B0%20%EB%8C%80%20%EC%9D%B8%ED%84%B0%20%EB%A7%88%EC%9D%B4%EC%95%A0%EB%AF%B8&geo=KR"
"애스턴 빌라 대 웨스트 햄","1만+","2026년 3월 22일 PM 10시 20분 0초 UTC+9","2026년 3월 23일 PM 1시 10분 0초 UTC+9","애스턴 빌라 대 웨스트 햄,아스톤빌라","./explore?q=%EC%95%A0%EC%8A%A4%ED%84%B4%20%EB%B9%8C%EB%9D%BC%20%EB%8C%80%20%EC%9B%A8%EC%8A%A4%ED%8A%B8%20%ED%96%84&geo=KR"
"라이언 고슬링","200+","2026년 3월 25일 PM 10시 50분 0초 UTC+9","2026년 3월 26일 AM 11시 0분 0초 UTC+9","라이언 고슬링","./explore?q=%EB%9D%BC%EC%9D%B4%EC%96%B8%20%EA%B3%A0%EC%8A%AC%EB%A7%81&geo=KR"
"피닉스 대 덴버","2천+","2026년 3월 25일 PM 12시 10분 0초 UTC+9","2026년 3월 25일 PM 6시 20분 0초 UTC+9","피닉스 대 덴버,덴버 대 포틀랜드","./explore?q=%ED%94%BC%EB%8B%89%EC%8A%A4%20%EB%8C%80%20%EB%8D%B4%EB%B2%84&geo=KR"
"서울 sk 대 고양 소노","2천+","2026년 3월 25일 PM 7시 0분 0초 UTC+9","2026년 3월 25일 PM 10시 50분 0초 UTC+9","서울 sk 대 고양 소노,고양 소노 대 부산 kcc,고양 소노 대 울산 현대모비스,kbl","./explore?q=%EC%84%9C%EC%9A%B8%20sk%20%EB%8C%80%20%EA%B3%A0%EC%96%91%20%EC%86%8C%EB%85%B8&geo=KR"
"댈러스 대 골든 스테이트","2천+","2026년 3월 24일 AM 10시 10분 0초 UTC+9","2026년 3월 24일 PM 8시 10분 0초 UTC+9","댈러스 대 골든 스테이트","./explore?q=%EB%8C%88%EB%9F%AC%EC%8A%A4%20%EB%8C%80%20%EA%B3%A8%EB%93%A0%20%EC%8A%A4%ED%85%8C%EC%9D%B4%ED%8A%B8&geo=KR"
"스피어","200+","2026년 3월 26일 AM 8시 50분 0초 UTC+9","2026년 3월 26일 AM 10시 0분 0초 UTC+9","스피어","./explore?q=%EC%8A%A4%ED%94%BC%EC%96%B4&geo=KR"
"김동환","1천+","2026년 3월 24일 PM 5시 20분 0초 UTC+9","2026년 3월 26일 AM 6시 20분 0초 UTC+9","김동환,김동환 부기장","./explore?q=%EA%B9%80%EB%8F%99%ED%99%98&geo=KR"
"둘리사우루스","5천+","2026년 3월 19일 PM 11시 10분 0초 UTC+9","2026년 3월 23일 AM 5시 10분 0초 UTC+9","둘리사우루스,둘리사우르스,둘리","./explore?q=%EB%91%98%EB%A6%AC%EC%82%AC%EC%9A%B0%EB%A3%A8%EC%8A%A4&geo=KR"
"fc 서울 대 광주","1만+","2026년 3월 22일 PM 1시 10분 0초 UTC+9","2026년 3월 23일 PM 2시 0분 0초 UTC+9","fc 서울 대 광주,fc서울,fc 서울,정승원","./explore?q=fc%20%EC%84%9C%EC%9A%B8%20%EB%8C%80%20%EA%B4%91%EC%A3%BC&geo=KR"
"한패스","1천+","2026년 3월 25일 AM 8시 40분 0초 UTC+9","2026년 3월 25일 PM 4시 10분 0초 UTC+9","한패스","./explore?q=%ED%95%9C%ED%8C%A8%EC%8A%A4&geo=KR"
"척 노리스","5천+","2026년 3월 20일 PM 11시 20분 0초 UTC+9","2026년 3월 23일 PM 1시 30분 0초 UTC+9","척 노리스,척노리스","./explore?q=%EC%B2%99%20%EB%85%B8%EB%A6%AC%EC%8A%A4&geo=KR"
"트럼프","1만+","2026년 3월 23일 PM 8시 0분 0초 UTC+9","2026년 3월 24일 AM 11시 10분 0초 UTC+9","트럼프,미국 이란,트럼프 이란,트럼프 48시간,이란,미국,종전,휴전,이란 미국,전쟁,이란 전쟁,미국 시간,미국 이란 전쟁,이란전쟁,이란전쟁 속보","./explore?q=%ED%8A%B8%EB%9F%BC%ED%94%84&geo=KR"
"한화시스템 채용","500+","2026년 3월 25일 PM 10시 20분 0초 UTC+9","2026년 3월 26일 AM 5시 30분 0초 UTC+9","한화시스템 채용,한화시스템","./explore?q=%ED%95%9C%ED%99%94%EC%8B%9C%EC%8A%A4%ED%85%9C%20%EC%B1%84%EC%9A%A9&geo=KR"
"진","2천+","2026년 3월 21일 AM 9시 10분 0초 UTC+9","2026년 3월 26일 AM 8시 40분 0초 UTC+9","진","./explore?q=%EC%A7%84&geo=KR"
"알테오젠","500+","2026년 3월 25일 PM 5시 10분 0초 UTC+9","2026년 3월 26일 AM 10시 30분 0초 UTC+9","알테오젠","./explore?q=%EC%95%8C%ED%85%8C%EC%98%A4%EC%A0%A0&geo=KR"
"이진숙","2천+","2026년 3월 22일 PM 7시 10분 0초 UTC+9","2026년 3월 25일 AM 6시 40분 0초 UTC+9","이진숙,주호영,이진숙 컷오프,컷오프","./explore?q=%EC%9D%B4%EC%A7%84%EC%88%99&geo=KR"
"chuck norris","5천+","2026년 3월 20일 PM 11시 10분 0초 UTC+9","2026년 3월 23일 AM 1시 0분 0초 UTC+9","chuck norris","./explore?q=chuck%20norris&geo=KR"
"정국","5천+","2026년 3월 20일 PM 7시 50분 0초 UTC+9","2026년 3월 23일 AM 8시 30분 0초 UTC+9","정국","./explore?q=%EC%A0%95%EA%B5%AD&geo=KR"
"지경선","2천+","2026년 3월 21일 PM 11시 0분 0초 UTC+9","2026년 3월 23일 PM 11시 10분 0초 UTC+9","지경선,김대희","./explore?q=%EC%A7%80%EA%B2%BD%EC%84%A0&geo=KR"
"미트윌란 대 노팅엄 포레스트","1만+","2026년 3월 20일 AM 1시 50분 0초 UTC+9","2026년 3월 20일 PM 6시 50분 0초 UTC+9","미트윌란 대 노팅엄 포레스트,유로파리그,미트윌란,유로파,노팅엄","./explore?q=%EB%AF%B8%ED%8A%B8%EC%9C%8C%EB%9E%80%20%EB%8C%80%20%EB%85%B8%ED%8C%85%EC%97%84%20%ED%8F%AC%EB%A0%88%EC%8A%A4%ED%8A%B8&geo=KR"
"풀럼 대 번리","5천+","2026년 3월 21일 PM 11시 10분 0초 UTC+9","2026년 3월 22일 PM 8시 50분 0초 UTC+9","풀럼 대 번리","./explore?q=%ED%92%80%EB%9F%BC%20%EB%8C%80%20%EB%B2%88%EB%A6%AC&geo=KR"
"넷플릭스","2만+","2026년 3월 21일 PM 6시 30분 0초 UTC+9","2026년 3월 21일 PM 10시 20분 0초 UTC+9","넷플릭스,신명","./explore?q=%EB%84%B7%ED%94%8C%EB%A6%AD%EC%8A%A4&geo=KR"
"대전 대 전북","1만+","2026년 3월 21일 PM 1시 10분 0초 UTC+9","2026년 3월 21일 PM 11시 0분 0초 UTC+9","대전 대 전북","./explore?q=%EB%8C%80%EC%A0%84%20%EB%8C%80%20%EC%A0%84%EB%B6%81&geo=KR"
"애스턴 빌라 대 losc 릴","1만+","2026년 3월 20일 AM 4시 20분 0초 UTC+9","2026년 3월 21일 AM 7시 20분 0초 UTC+9","애스턴 빌라 대 losc 릴","./explore?q=%EC%95%A0%EC%8A%A4%ED%84%B4%20%EB%B9%8C%EB%9D%BC%20%EB%8C%80%20losc%20%EB%A6%B4&geo=KR"
"g2","2천+","2026년 3월 21일 PM 10시 10분 0초 UTC+9","2026년 3월 23일 AM 9시 10분 0초 UTC+9","g2,g2 blg,blg","./explore?q=g2&geo=KR"
"김병세","2천+","2026년 3월 22일 PM 9시 10분 0초 UTC+9","2026년 3월 24일 PM 10시 50분 0초 UTC+9","김병세,김병세 나이","./explore?q=%EA%B9%80%EB%B3%91%EC%84%B8&geo=KR"
"붉은사막 패치","5천+","2026년 3월 23일 AM 10시 10분 0초 UTC+9","2026년 3월 24일 AM 6시 10분 0초 UTC+9","붉은사막 패치,붉은사막 ai,붉은사막 스팀,붉은사막 인벤,붉은사막 환불,붉은사막 판매량,붉은사막 평가,검은사막,붉은사막 오픈시간,붉은사막 창고","./explore?q=%EB%B6%89%EC%9D%80%EC%82%AC%EB%A7%89%20%ED%8C%A8%EC%B9%98&geo=KR"
"하이브 주가","2천+","2026년 3월 23일 AM 9시 10분 0초 UTC+9","2026년 3월 24일 PM 7시 50분 0초 UTC+9","하이브 주가,하이브","./explore?q=%ED%95%98%EC%9D%B4%EB%B8%8C%20%EC%A3%BC%EA%B0%80&geo=KR"
"캐치","2천+","2026년 3월 24일 PM 3시 0분 0초 UTC+9","2026년 3월 25일 AM 12시 40분 0초 UTC+9","캐치,채용플랫폼 캐치,캐치 개인정보","./explore?q=%EC%BA%90%EC%B9%98&geo=KR"
"kagi","2천+","2026년 3월 20일 PM 1시 30분 0초 UTC+9","2026년 3월 24일 AM 1시 50분 0초 UTC+9","kagi","./explore?q=kagi&geo=KR"
"금시세","2천+","2026년 3월 26일 AM 6시 40분 0초 UTC+9","2026년 3월 26일 AM 7시 30분 0초 UTC+9","금시세,금값시세,금값,금 시세,금,오늘의 금시세,연합뉴스,오늘금시세","./explore?q=%EA%B8%88%EC%8B%9C%EC%84%B8&geo=KR"
"젠지","5천+","2026년 3월 21일 PM 11시 10분 0초 UTC+9","2026년 3월 23일 AM 1시 50분 0초 UTC+9","젠지,젠지 g2,퍼스트 스탠드,한스사마,양대인,바이퍼,쵸비,롤 퍼스트 스탠드","./explore?q=%EC%A0%A0%EC%A7%80&geo=KR"
"안양 대 인천","5천+","2026년 3월 22일 PM 3시 40분 0초 UTC+9","2026년 3월 23일 PM 1시 20분 0초 UTC+9","안양 대 인천","./explore?q=%EC%95%88%EC%96%91%20%EB%8C%80%20%EC%9D%B8%EC%B2%9C&geo=KR"
"디트로이트 대 la 레이커스","2천+","2026년 3월 24일 AM 7시 40분 0초 UTC+9","2026년 3월 24일 PM 1시 30분 0초 UTC+9","디트로이트 대 la 레이커스","./explore?q=%EB%94%94%ED%8A%B8%EB%A1%9C%EC%9D%B4%ED%8A%B8%20%EB%8C%80%20la%20%EB%A0%88%EC%9D%B4%EC%BB%A4%EC%8A%A4&geo=KR"
"강원 대 제주","5천+","2026년 3월 22일 PM 3시 50분 0초 UTC+9","2026년 3월 23일 PM 1시 0분 0초 UTC+9","강원 대 제주","./explore?q=%EA%B0%95%EC%9B%90%20%EB%8C%80%20%EC%A0%9C%EC%A3%BC&geo=KR"
"30기 현커","200+","2026년 3월 26일 AM 6시 40분 0초 UTC+9","2026년 3월 26일 AM 8시 10분 0초 UTC+9","30기 현커,나는솔로","./explore?q=30%EA%B8%B0%20%ED%98%84%EC%BB%A4&geo=KR"
"카카오게임즈","1천+","2026년 3월 25일 AM 8시 50분 0초 UTC+9","2026년 3월 25일 PM 1시 30분 0초 UTC+9","카카오게임즈,라인야후","./explore?q=%EC%B9%B4%EC%B9%B4%EC%98%A4%EA%B2%8C%EC%9E%84%EC%A6%88&geo=KR"
"张雪峰","500+","2026년 3월 24일 PM 9시 50분 0초 UTC+9","2026년 3월 25일 AM 10시 30분 0초 UTC+9","张雪峰","./explore?q=%E5%BC%A0%E9%9B%AA%E5%B3%B0&geo=KR"
"women’s march madness","2천+","2026년 3월 20일 PM 2시 50분 0초 UTC+9","2026년 3월 21일 PM 2시 0분 0초 UTC+9","women’s march madness,1","./explore?q=women%E2%80%99s%20march%20madness&geo=KR"
"arsenal vs man city","2천+","2026년 3월 23일 AM 12시 40분 0초 UTC+9","2026년 3월 23일 AM 10시 20분 0초 UTC+9","arsenal vs man city,man city,efl cup,carabao cup,arsenal","./explore?q=arsenal%20vs%20man%20city&geo=KR"
"rm","2천+","2026년 3월 20일 PM 4시 20분 0초 UTC+9","2026년 3월 22일 PM 10시 40분 0초 UTC+9","rm,bts rm","./explore?q=rm&geo=KR"
"울산 대 김천상무","5천+","2026년 3월 22일 PM 1시 10분 0초 UTC+9","2026년 3월 22일 PM 8시 0분 0초 UTC+9","울산 대 김천상무","./explore?q=%EC%9A%B8%EC%82%B0%20%EB%8C%80%20%EA%B9%80%EC%B2%9C%EC%83%81%EB%AC%B4&geo=KR"
"환율","5천+","2026년 3월 23일 AM 10시 0분 0초 UTC+9","2026년 3월 23일 PM 9시 30분 0초 UTC+9","환율,달러,원달러환율","./explore?q=%ED%99%98%EC%9C%A8&geo=KR"
"litellm","100+","2026년 3월 26일 AM 9시 50분 0초 UTC+9","2026년 3월 26일 AM 10시 10분 0초 UTC+9","litellm","./explore?q=litellm&geo=KR"
"장경태","2천+","2026년 3월 19일 PM 9시 30분 0초 UTC+9","2026년 3월 21일 PM 3시 20분 0초 UTC+9","장경태","./explore?q=%EC%9E%A5%EA%B2%BD%ED%83%9C&geo=KR"
"올랜도 대 la 레이커스","5천+","2026년 3월 22일 AM 8시 10분 0초 UTC+9","2026년 3월 22일 PM 5시 10분 0초 UTC+9","올랜도 대 la 레이커스,마이애미 대 la 레이커스","./explore?q=%EC%98%AC%EB%9E%9C%EB%8F%84%20%EB%8C%80%20la%20%EB%A0%88%EC%9D%B4%EC%BB%A4%EC%8A%A4&geo=KR"
"원신 맘스터치","1천+","2026년 3월 24일 AM 12시 50분 0초 UTC+9","2026년 3월 25일 PM 8시 50분 0초 UTC+9","원신 맘스터치,맘스터치 원신,원신 맘스터치 콜라보","./explore?q=%EC%9B%90%EC%8B%A0%20%EB%A7%98%EC%8A%A4%ED%84%B0%EC%B9%98&geo=KR"
"삼성페이","1천+","2026년 3월 25일 PM 12시 20분 0초 UTC+9","2026년 3월 25일 PM 2시 10분 0초 UTC+9","삼성페이,삼성페이 오류","./explore?q=%EC%82%BC%EC%84%B1%ED%8E%98%EC%9D%B4&geo=KR"
"베식타시 대 카슴파샤","5천+","2026년 3월 20일 AM 1시 10분 0초 UTC+9","2026년 3월 20일 AM 11시 40분 0초 UTC+9","베식타시 대 카슴파샤,오현규,베식타스","./explore?q=%EB%B2%A0%EC%8B%9D%ED%83%80%EC%8B%9C%20%EB%8C%80%20%EC%B9%B4%EC%8A%B4%ED%8C%8C%EC%83%A4&geo=KR"
"포켓몬 챔피언스","200+","2026년 3월 25일 PM 1시 0분 0초 UTC+9","2026년 3월 26일 AM 1시 30분 0초 UTC+9","포켓몬 챔피언스","./explore?q=%ED%8F%AC%EC%BC%93%EB%AA%AC%20%EC%B1%94%ED%94%BC%EC%96%B8%EC%8A%A4&geo=KR"
"카를로스 알카라스","5천+","2026년 3월 23일 AM 5시 0분 0초 UTC+9","2026년 3월 23일 AM 8시 40분 0초 UTC+9","카를로스 알카라스,마이애미 오픈,세바스찬 코르다","./explore?q=%EC%B9%B4%EB%A5%BC%EB%A1%9C%EC%8A%A4%20%EC%95%8C%EC%B9%B4%EB%9D%BC%EC%8A%A4&geo=KR"
"메가","500+","2026년 3월 24일 PM 5시 40분 0초 UTC+9","2026년 3월 25일 AM 8시 40분 0초 UTC+9","메가","./explore?q=%EB%A9%94%EA%B0%80&geo=KR"
"그리즈만","500+","2026년 3월 24일 PM 11시 10분 0초 UTC+9","2026년 3월 25일 PM 7시 30분 0초 UTC+9","그리즈만","./explore?q=%EA%B7%B8%EB%A6%AC%EC%A6%88%EB%A7%8C&geo=KR"
"스페이스x","100+","2026년 3월 25일 PM 11시 10분 0초 UTC+9","2026년 3월 26일 AM 9시 40분 0초 UTC+9","스페이스x","./explore?q=%EC%8A%A4%ED%8E%98%EC%9D%B4%EC%8A%A4x&geo=KR"
"men’s march madness","2천+","2026년 3월 19일 PM 2시 40분 0초 UTC+9","2026년 3월 20일 PM 1시 40분 0초 UTC+9","men’s march madness","./explore?q=men%E2%80%99s%20march%20madness&geo=KR"
"진천역 화재","2천+","2026년 3월 23일 PM 1시 0분 0초 UTC+9","2026년 3월 23일 PM 6시 10분 0초 UTC+9","진천역 화재,진천역,진천역화재","./explore?q=%EC%A7%84%EC%B2%9C%EC%97%AD%20%ED%99%94%EC%9E%AC&geo=KR"
"저스디스","5천+","2026년 3월 20일 PM 4시 40분 0초 UTC+9","2026년 3월 21일 PM 4시 0분 0초 UTC+9","저스디스,쇼미12,쇼미더머니 12,쇼미 12,쇼미더머니,쇼미더머니12","./explore?q=%EC%A0%80%EC%8A%A4%EB%94%94%EC%8A%A4&geo=KR"
"장영란","500+","2026년 3월 23일 PM 8시 30분 0초 UTC+9","2026년 3월 24일 PM 8시 30분 0초 UTC+9","장영란","./explore?q=%EC%9E%A5%EC%98%81%EB%9E%80&geo=KR"
"김고은","100+","2026년 3월 26일 AM 1시 20분 0초 UTC+9","2026년 3월 26일 AM 5시 10분 0초 UTC+9","김고은","./explore?q=%EA%B9%80%EA%B3%A0%EC%9D%80&geo=KR"
"앨런 리치슨","100+","2026년 3월 26일 AM 12시 30분 0초 UTC+9","2026년 3월 26일 AM 9시 0분 0초 UTC+9","앨런 리치슨","./explore?q=%EC%95%A8%EB%9F%B0%20%EB%A6%AC%EC%B9%98%EC%8A%A8&geo=KR"
"쾰른 대 묀헨글라트바흐","2천+","2026년 3월 21일 PM 10시 50분 0초 UTC+9","2026년 3월 22일 PM 12시 10분 0초 UTC+9","쾰른 대 묀헨글라트바흐,옌스 카스트로프,분데스리가","./explore?q=%EC%BE%B0%EB%A5%B8%20%EB%8C%80%20%EB%AC%80%ED%97%A8%EA%B8%80%EB%9D%BC%ED%8A%B8%EB%B0%94%ED%9D%90&geo=KR"
"현대오토에버","500+","2026년 3월 25일 PM 3시 20분 0초 UTC+9","2026년 3월 25일 PM 5시 0분 0초 UTC+9","현대오토에버","./explore?q=%ED%98%84%EB%8C%80%EC%98%A4%ED%86%A0%EC%97%90%EB%B2%84&geo=KR"
"하메네이","500+","2026년 3월 26일 AM 1시 30분 0초 UTC+9","2026년 3월 26일 AM 3시 50분 0초 UTC+9","하메네이,네타냐후,이스라엘","./explore?q=%ED%95%98%EB%A9%94%EB%84%A4%EC%9D%B4&geo=KR"
"전태일","200+","2026년 3월 25일 AM 12시 20분 0초 UTC+9","2026년 3월 25일 AM 11시 20분 0초 UTC+9","전태일","./explore?q=%EC%A0%84%ED%83%9C%EC%9D%BC&geo=KR"
"ria 계좌","500+","2026년 3월 23일 AM 10시 10분 0초 UTC+9","2026년 3월 24일 PM 3시 20분 0초 UTC+9","ria 계좌","./explore?q=ria%20%EA%B3%84%EC%A2%8C&geo=KR"
"국제 강아지의 날","1천+","2026년 3월 23일 AM 11시 10분 0초 UTC+9","2026년 3월 23일 PM 11시 10분 0초 UTC+9","국제 강아지의 날,강아지의 날","./explore?q=%EA%B5%AD%EC%A0%9C%20%EA%B0%95%EC%95%84%EC%A7%80%EC%9D%98%20%EB%82%A0&geo=KR"
"epl","2천+","2026년 3월 23일 AM 12시 10분 0초 UTC+9","2026년 3월 23일 AM 8시 30분 0초 UTC+9","epl,tottenham vs nottm forest,tottenham","./explore?q=epl&geo=KR"
"문근영","1천+","2026년 3월 23일 PM 9시 10분 0초 UTC+9","2026년 3월 24일 AM 7시 0분 0초 UTC+9","문근영","./explore?q=%EB%AC%B8%EA%B7%BC%EC%98%81&geo=KR"
"금태섭","200+","2026년 3월 25일 PM 10시 0분 0초 UTC+9","2026년 3월 26일 AM 2시 20분 0초 UTC+9","금태섭","./explore?q=%EA%B8%88%ED%83%9C%EC%84%AD&geo=KR"
"원주 db 대 안양 정관장","1천+","2026년 3월 24일 PM 7시 0분 0초 UTC+9","2026년 3월 24일 PM 10시 30분 0초 UTC+9","원주 db 대 안양 정관장","./explore?q=%EC%9B%90%EC%A3%BC%20db%20%EB%8C%80%20%EC%95%88%EC%96%91%20%EC%A0%95%EA%B4%80%EC%9E%A5&geo=KR"
"토익","2천+","2026년 3월 24일 AM 11시 50분 0초 UTC+9","2026년 3월 24일 PM 2시 20분 0초 UTC+9","토익,ybm 토익","./explore?q=%ED%86%A0%EC%9D%B5&geo=KR"
"현대오토에버","1천+","2026년 3월 22일 PM 1시 30분 0초 UTC+9","2026년 3월 23일 PM 1시 20분 0초 UTC+9","현대오토에버","./explore?q=%ED%98%84%EB%8C%80%EC%98%A4%ED%86%A0%EC%97%90%EB%B2%84&geo=KR"
"파코","2천+","2026년 3월 19일 PM 9시 0분 0초 UTC+9","2026년 3월 22일 PM 7시 10분 0초 UTC+9","파코","./explore?q=%ED%8C%8C%EC%BD%94&geo=KR"
"성제준","2천+","2026년 3월 19일 PM 8시 20분 0초 UTC+9","2026년 3월 21일 AM 5시 20분 0초 UTC+9","성제준","./explore?q=%EC%84%B1%EC%A0%9C%EC%A4%80&geo=KR"
"클리블랜드 대 올랜도","200+","2026년 3월 25일 AM 10시 40분 0초 UTC+9","2026년 3월 25일 PM 3시 0분 0초 UTC+9","클리블랜드 대 올랜도","./explore?q=%ED%81%B4%EB%A6%AC%EB%B8%94%EB%9E%9C%EB%93%9C%20%EB%8C%80%20%EC%98%AC%EB%9E%9C%EB%8F%84&geo=KR"
"유시민","200+","2026년 3월 25일 PM 7시 50분 0초 UTC+9","2026년 3월 25일 PM 11시 0분 0초 UTC+9","유시민,딴지일보,이동형","./explore?q=%EC%9C%A0%EC%8B%9C%EB%AF%BC&geo=KR"
"불가항력","1천+","2026년 3월 24일 PM 11시 30분 0초 UTC+9","2026년 3월 25일 AM 8시 50분 0초 UTC+9","불가항력,카타르,사우스파르스","./explore?q=%EB%B6%88%EA%B0%80%ED%95%AD%EB%A0%A5&geo=KR"
"ios 26.4","200+","2026년 3월 25일 AM 9시 20분 0초 UTC+9","2026년 3월 26일 AM 8시 30분 0초 UTC+9","ios 26.4","./explore?q=ios%2026.4&geo=KR"
"real madrid vs atlético madrid","2천+","2026년 3월 23일 AM 5시 20분 0초 UTC+9","2026년 3월 23일 AM 10시 40분 0초 UTC+9","real madrid vs atlético madrid,real madrid","./explore?q=real%20madrid%20vs%20atl%C3%A9tico%20madrid&geo=KR"
"netflix","5천+","2026년 3월 21일 PM 6시 30분 0초 UTC+9","2026년 3월 21일 PM 10시 20분 0초 UTC+9","netflix","./explore?q=netflix&geo=KR"
"달러 환율","5천+","2026년 3월 23일 AM 10시 0분 0초 UTC+9","2026년 3월 24일 AM 9시 0분 0초 UTC+9","달러 환율,사이드카,코스피,환율 달러,환율 달러 원","./explore?q=%EB%8B%AC%EB%9F%AC%20%ED%99%98%EC%9C%A8&geo=KR"
"브루스 윌리스","1천+","2026년 3월 24일 PM 9시 30분 0초 UTC+9","2026년 3월 25일 AM 12시 30분 0초 UTC+9","브루스 윌리스,치매","./explore?q=%EB%B8%8C%EB%A3%A8%EC%8A%A4%20%EC%9C%8C%EB%A6%AC%EC%8A%A4&geo=KR"
"taco","500+","2026년 3월 23일 PM 8시 30분 0초 UTC+9","2026년 3월 24일 AM 11시 20분 0초 UTC+9","taco","./explore?q=taco&geo=KR"
"무명전설","200+","2026년 3월 25일 PM 9시 40분 0초 UTC+9","2026년 3월 25일 PM 10시 50분 0초 UTC+9","무명전설","./explore?q=%EB%AC%B4%EB%AA%85%EC%A0%84%EC%84%A4&geo=KR"
"부산날씨","500+","2026년 3월 25일 AM 4시 40분 0초 UTC+9","2026년 3월 25일 AM 8시 50분 0초 UTC+9","부산날씨,부산 날씨","./explore?q=%EB%B6%80%EC%82%B0%EB%82%A0%EC%94%A8&geo=KR"
"지민","1천+","2026년 3월 21일 PM 7시 50분 0초 UTC+9","2026년 3월 22일 PM 5시 30분 0초 UTC+9","지민","./explore?q=%EC%A7%80%EB%AF%BC&geo=KR"
"일본 대 호주","2천+","2026년 3월 21일 PM 5시 20분 0초 UTC+9","2026년 3월 22일 AM 8시 30분 0초 UTC+9","일본 대 호주","./explore?q=%EC%9D%BC%EB%B3%B8%20%EB%8C%80%20%ED%98%B8%EC%A3%BC&geo=KR"
"역삼 화재","200+","2026년 3월 25일 PM 4시 30분 0초 UTC+9","2026년 3월 25일 PM 6시 0분 0초 UTC+9","역삼 화재,역삼역 화재","./explore?q=%EC%97%AD%EC%82%BC%20%ED%99%94%EC%9E%AC&geo=KR"
"김정균","1천+","2026년 3월 23일 PM 1시 20분 0초 UTC+9","2026년 3월 24일 AM 9시 20분 0초 UTC+9","김정균,롤","./explore?q=%EA%B9%80%EC%A0%95%EA%B7%A0&geo=KR"
"알렉산더 즈베레프","500+","2026년 3월 25일 AM 11시 50분 0초 UTC+9","2026년 3월 25일 PM 12시 50분 0초 UTC+9","알렉산더 즈베레프,테일러 프리츠","./explore?q=%EC%95%8C%EB%A0%89%EC%82%B0%EB%8D%94%20%EC%A6%88%EB%B2%A0%EB%A0%88%ED%94%84&geo=KR"
"claude","500+","2026년 3월 25일 PM 11시 10분 0초 UTC+9","2026년 3월 25일 PM 11시 50분 0초 UTC+9","claude","./explore?q=claude&geo=KR"
"진주만","2천+","2026년 3월 20일 AM 5시 0분 0초 UTC+9","2026년 3월 21일 AM 9시 30분 0초 UTC+9","진주만,진주만 공습,트럼프 진주만","./explore?q=%EC%A7%84%EC%A3%BC%EB%A7%8C&geo=KR"
"케인","1천+","2026년 3월 21일 AM 8시 0분 0초 UTC+9","2026년 3월 23일 AM 2시 50분 0초 UTC+9","케인","./explore?q=%EC%BC%80%EC%9D%B8&geo=KR"
"barcelona vs rayo vallecano","2천+","2026년 3월 22일 PM 9시 10분 0초 UTC+9","2026년 3월 23일 AM 5시 20분 0초 UTC+9","barcelona vs rayo vallecano,barcelona vs rayo","./explore?q=barcelona%20vs%20rayo%20vallecano&geo=KR"
"프레스턴 노스 엔드 대 스토크 시티","2천+","2026년 3월 21일 AM 5시 0분 0초 UTC+9","2026년 3월 21일 PM 1시 0분 0초 UTC+9","프레스턴 노스 엔드 대 스토크 시티","./explore?q=%ED%94%84%EB%A0%88%EC%8A%A4%ED%84%B4%20%EB%85%B8%EC%8A%A4%20%EC%97%94%EB%93%9C%20%EB%8C%80%20%EC%8A%A4%ED%86%A0%ED%81%AC%20%EC%8B%9C%ED%8B%B0&geo=KR"
"lpga","1천+","2026년 3월 23일 AM 4시 20분 0초 UTC+9","2026년 3월 23일 AM 11시 30분 0초 UTC+9","lpga","./explore?q=lpga&geo=KR"
"ncaa 남자 농구 토너먼트","1천+","2026년 3월 19일 PM 3시 50분 0초 UTC+9","2026년 3월 20일 PM 12시 40분 0초 UTC+9","ncaa 남자 농구 토너먼트","./explore?q=ncaa%20%EB%82%A8%EC%9E%90%20%EB%86%8D%EA%B5%AC%20%ED%86%A0%EB%84%88%EB%A8%BC%ED%8A%B8&geo=KR"
"코스피 야간선물","2천+","2026년 3월 23일 PM 8시 20분 0초 UTC+9","2026년 3월 24일 AM 6시 50분 0초 UTC+9","코스피 야간선물,야간선물,코스피 야간 선물","./explore?q=%EC%BD%94%EC%8A%A4%ED%94%BC%20%EC%95%BC%EA%B0%84%EC%84%A0%EB%AC%BC&geo=KR"
"arsenal đấu với man city","500+","2026년 3월 23일 AM 1시 40분 0초 UTC+9","2026년 3월 23일 AM 9시 10분 0초 UTC+9","arsenal đấu với man city","./explore?q=arsenal%20%C4%91%E1%BA%A5u%20v%E1%BB%9Bi%20man%20city&geo=KR"
"다카이치","1천+","2026년 3월 20일 AM 1시 30분 0초 UTC+9","2026년 3월 22일 AM 9시 20분 0초 UTC+9","다카이치","./explore?q=%EB%8B%A4%EC%B9%B4%EC%9D%B4%EC%B9%98&geo=KR"
"조훈","1천+","2026년 3월 20일 PM 8시 40분 0초 UTC+9","2026년 3월 22일 AM 2시 50분 0초 UTC+9","조훈,조훈 결혼","./explore?q=%EC%A1%B0%ED%9B%88&geo=KR"
"더보이즈","2천+","2026년 3월 19일 PM 12시 40분 0초 UTC+9","2026년 3월 21일 AM 2시 20분 0초 UTC+9","더보이즈,차가원,비비지","./explore?q=%EB%8D%94%EB%B3%B4%EC%9D%B4%EC%A6%88&geo=KR"
"brighton vs liverpool","2천+","2026년 3월 21일 PM 8시 40분 0초 UTC+9","2026년 3월 22일 AM 3시 20분 0초 UTC+9","brighton vs liverpool,premier league","./explore?q=brighton%20vs%20liverpool&geo=KR"
"곽튜브","500+","2026년 3월 24일 PM 2시 40분 0초 UTC+9","2026년 3월 24일 PM 8시 10분 0초 UTC+9","곽튜브","./explore?q=%EA%B3%BD%ED%8A%9C%EB%B8%8C&geo=KR"
"weather","2천+","2026년 3월 25일 AM 7시 0분 0초 UTC+9","2026년 3월 25일 AM 8시 0분 0초 UTC+9","weather","./explore?q=weather&geo=KR"
"류중일 며느리","200+","2026년 3월 24일 PM 6시 40분 0초 UTC+9","2026년 3월 25일 AM 5시 10분 0초 UTC+9","류중일 며느리","./explore?q=%EB%A5%98%EC%A4%91%EC%9D%BC%20%EB%A9%B0%EB%8A%90%EB%A6%AC&geo=KR"
"이주은","1천+","2026년 3월 21일 PM 12시 20분 0초 UTC+9","2026년 3월 22일 AM 6시 20분 0초 UTC+9","이주은","./explore?q=%EC%9D%B4%EC%A3%BC%EC%9D%80&geo=KR"
"써클","1천+","2026년 3월 25일 AM 12시 20분 0초 UTC+9","2026년 3월 25일 AM 8시 40분 0초 UTC+9","써클,아이스크림","./explore?q=%EC%8D%A8%ED%81%B4&geo=KR"
"bournemouth vs man united","2천+","2026년 3월 21일 AM 5시 10분 0초 UTC+9","2026년 3월 21일 PM 12시 50분 0초 UTC+9","bournemouth vs man united,bournemouth vs man utd,manchester united","./explore?q=bournemouth%20vs%20man%20united&geo=KR"
"캐시워크 정답","200+","2026년 3월 25일 PM 7시 30분 0초 UTC+9","2026년 3월 25일 PM 8시 40분 0초 UTC+9","캐시워크 정답","./explore?q=%EC%BA%90%EC%8B%9C%EC%9B%8C%ED%81%AC%20%EC%A0%95%EB%8B%B5&geo=KR"
"이상미","500+","2026년 3월 23일 PM 11시 20분 0초 UTC+9","2026년 3월 24일 PM 1시 40분 0초 UTC+9","이상미,오지헌","./explore?q=%EC%9D%B4%EC%83%81%EB%AF%B8&geo=KR"
"lng","200+","2026년 3월 24일 PM 11시 40분 0초 UTC+9","2026년 3월 25일 AM 8시 30분 0초 UTC+9","lng","./explore?q=lng&geo=KR"
"ไบรตัน พบ ลิเวอร์พูล","1천+","2026년 3월 21일 PM 8시 50분 0초 UTC+9","2026년 3월 22일 AM 9시 10분 0초 UTC+9","ไบรตัน พบ ลิเวอร์พูล","./explore?q=%E0%B9%84%E0%B8%9A%E0%B8%A3%E0%B8%95%E0%B8%B1%E0%B8%99%20%E0%B8%9E%E0%B8%9A%20%E0%B8%A5%E0%B8%B4%E0%B9%80%E0%B8%A7%E0%B8%AD%E0%B8%A3%E0%B9%8C%E0%B8%9E%E0%B8%B9%E0%B8%A5&geo=KR"
"giá vàng hôm nay","1천+","2026년 3월 23일 PM 12시 50분 0초 UTC+9","2026년 3월 23일 PM 9시 30분 0초 UTC+9","giá vàng hôm nay","./explore?q=gi%C3%A1%20v%C3%A0ng%20h%C3%B4m%20nay&geo=KR"
"김효주","500+","2026년 3월 23일 AM 5시 30분 0초 UTC+9","2026년 3월 23일 PM 1시 20분 0초 UTC+9","김효주","./explore?q=%EA%B9%80%ED%9A%A8%EC%A3%BC&geo=KR"
"อาร์เซนอล พบ แมนซิตี","500+","2026년 3월 23일 AM 2시 30분 0초 UTC+9","2026년 3월 23일 AM 8시 50분 0초 UTC+9","อาร์เซนอล พบ แมนซิตี","./explore?q=%E0%B8%AD%E0%B8%B2%E0%B8%A3%E0%B9%8C%E0%B9%80%E0%B8%8B%E0%B8%99%E0%B8%AD%E0%B8%A5%20%E0%B8%9E%E0%B8%9A%20%E0%B9%81%E0%B8%A1%E0%B8%99%E0%B8%8B%E0%B8%B4%E0%B8%95%E0%B8%B5&geo=KR"
"28기 영식","500+","2026년 3월 21일 PM 7시 20분 0초 UTC+9","2026년 3월 22일 PM 1시 20분 0초 UTC+9","28기 영식","./explore?q=28%EA%B8%B0%20%EC%98%81%EC%8B%9D&geo=KR"
"서울시교육청","200+","2026년 3월 24일 PM 2시 40분 0초 UTC+9","2026년 3월 24일 PM 7시 20분 0초 UTC+9","서울시교육청","./explore?q=%EC%84%9C%EC%9A%B8%EC%8B%9C%EA%B5%90%EC%9C%A1%EC%B2%AD&geo=KR"
"south africa vs new zealand","1천+","2026년 3월 22일 PM 3시 30분 0초 UTC+9","2026년 3월 22일 PM 9시 40분 0초 UTC+9","south africa vs new zealand","./explore?q=south%20africa%20vs%20new%20zealand&geo=KR"
"대한항공 태국인 승무원","500+","2026년 3월 23일 PM 1시 30분 0초 UTC+9","2026년 3월 24일 PM 4시 0분 0초 UTC+9","대한항공 태국인 승무원","./explore?q=%EB%8C%80%ED%95%9C%ED%95%AD%EA%B3%B5%20%ED%83%9C%EA%B5%AD%EC%9D%B8%20%EC%8A%B9%EB%AC%B4%EC%9B%90&geo=KR"
"스팀","2천+","2026년 3월 20일 AM 5시 10분 0초 UTC+9","2026년 3월 21일 AM 7시 0분 0초 UTC+9","스팀","./explore?q=%EC%8A%A4%ED%8C%80&geo=KR"
"m","100+","2026년 3월 26일 AM 5시 50분 0초 UTC+9","2026년 3월 26일 AM 6시 50분 0초 UTC+9","m,ins","./explore?q=m&geo=KR"
"레오니드 라드빈스키","500+","2026년 3월 23일 PM 10시 0분 0초 UTC+9","2026년 3월 24일 AM 9시 20분 0초 UTC+9","레오니드 라드빈스키","./explore?q=%EB%A0%88%EC%98%A4%EB%8B%88%EB%93%9C%20%EB%9D%BC%EB%93%9C%EB%B9%88%EC%8A%A4%ED%82%A4&geo=KR"
"김동완","500+","2026년 3월 22일 PM 6시 40분 0초 UTC+9","2026년 3월 23일 AM 11시 10분 0초 UTC+9","김동완","./explore?q=%EA%B9%80%EB%8F%99%EC%99%84&geo=KR"
"trump","1천+","2026년 3월 23일 PM 8시 0분 0초 UTC+9","2026년 3월 24일 AM 7시 20분 0초 UTC+9","trump,iran,iran war","./explore?q=trump&geo=KR"
"적우","500+","2026년 3월 24일 AM 8시 30분 0초 UTC+9","2026년 3월 24일 AM 10시 20분 0초 UTC+9","적우","./explore?q=%EC%A0%81%EC%9A%B0&geo=KR"
"대한민국 구석구석","2천+","2026년 3월 20일 AM 9시 20분 0초 UTC+9","2026년 3월 20일 PM 2시 30분 0초 UTC+9","대한민국 구석구석","./explore?q=%EB%8C%80%ED%95%9C%EB%AF%BC%EA%B5%AD%20%EA%B5%AC%EC%84%9D%EA%B5%AC%EC%84%9D&geo=KR"
"환희","1천+","2026년 3월 21일 PM 10시 10분 0초 UTC+9","2026년 3월 22일 PM 9시 50분 0초 UTC+9","환희","./explore?q=%ED%99%98%ED%9D%AC&geo=KR"
"김기태","1천+","2026년 3월 19일 PM 11시 20분 0초 UTC+9","2026년 3월 20일 AM 9시 20분 0초 UTC+9","김기태","./explore?q=%EA%B9%80%EA%B8%B0%ED%83%9C&geo=KR"
"thời tiết ngày mai","1천+","2026년 3월 24일 PM 8시 50분 0초 UTC+9","2026년 3월 24일 PM 10시 20분 0초 UTC+9","thời tiết ngày mai","./explore?q=th%E1%BB%9Di%20ti%E1%BA%BFt%20ng%C3%A0y%20mai&geo=KR"
"rm 부상","2천+","2026년 3월 21일 PM 8시 0분 0초 UTC+9","2026년 3월 22일 AM 1시 30분 0초 UTC+9","rm 부상,rm 발목 부상,bts 부상","./explore?q=rm%20%EB%B6%80%EC%83%81&geo=KR"
"everton vs chelsea","500+","2026년 3월 22일 AM 3시 0분 0초 UTC+9","2026년 3월 22일 AM 11시 0분 0초 UTC+9","everton vs chelsea","./explore?q=everton%20vs%20chelsea&geo=KR"
"real madrid đấu với atlético madrid","500+","2026년 3월 23일 AM 5시 50분 0초 UTC+9","2026년 3월 23일 AM 9시 40분 0초 UTC+9","real madrid đấu với atlético madrid","./explore?q=real%20madrid%20%C4%91%E1%BA%A5u%20v%E1%BB%9Bi%20atl%C3%A9tico%20madrid&geo=KR"
"newcastle vs sunderland","1천+","2026년 3월 22일 PM 8시 30분 0초 UTC+9","2026년 3월 23일 AM 12시 10분 0초 UTC+9","newcastle vs sunderland","./explore?q=newcastle%20vs%20sunderland&geo=KR"
"목성","1천+","2026년 3월 21일 AM 10시 0분 0초 UTC+9","2026년 3월 21일 PM 3시 0분 0초 UTC+9","목성","./explore?q=%EB%AA%A9%EC%84%B1&geo=KR"
"카카오뱅크 점검","1천+","2026년 3월 22일 AM 1시 20분 0초 UTC+9","2026년 3월 22일 AM 8시 30분 0초 UTC+9","카카오뱅크 점검,카카오뱅크","./explore?q=%EC%B9%B4%EC%B9%B4%EC%98%A4%EB%B1%85%ED%81%AC%20%EC%A0%90%EA%B2%80&geo=KR"
"스페셜포스 리마스터","100+","2026년 3월 25일 PM 12시 0분 0초 UTC+9","2026년 3월 25일 PM 9시 40분 0초 UTC+9","스페셜포스 리마스터","./explore?q=%EC%8A%A4%ED%8E%98%EC%85%9C%ED%8F%AC%EC%8A%A4%20%EB%A6%AC%EB%A7%88%EC%8A%A4%ED%84%B0&geo=KR"
"south africa vs new zealand","100+","2026년 3월 25일 PM 6시 40분 0초 UTC+9","2026년 3월 25일 PM 7시 40분 0초 UTC+9","south africa vs new zealand","./explore?q=south%20africa%20vs%20new%20zealand&geo=KR"
"정성환","1천+","2026년 3월 20일 PM 9시 50분 0초 UTC+9","2026년 3월 21일 AM 9시 0분 0초 UTC+9","정성환,게임테일즈","./explore?q=%EC%A0%95%EC%84%B1%ED%99%98&geo=KR"
"슈마컴","1천+","2026년 3월 20일 PM 6시 0분 0초 UTC+9","2026년 3월 21일 PM 1시 0분 0초 UTC+9","슈마컴,슈퍼마이크로컴퓨터","./explore?q=%EC%8A%88%EB%A7%88%EC%BB%B4&geo=KR"
"문정희","500+","2026년 3월 23일 AM 12시 0분 0초 UTC+9","2026년 3월 23일 AM 8시 50분 0초 UTC+9","문정희","./explore?q=%EB%AC%B8%EC%A0%95%ED%9D%AC&geo=KR"
"madrid vs atlético madrid","500+","2026년 3월 23일 AM 5시 50분 0초 UTC+9","2026년 3월 23일 AM 9시 10분 0초 UTC+9","madrid vs atlético madrid","./explore?q=madrid%20vs%20atl%C3%A9tico%20madrid&geo=KR"
"bournemouth đấu với man utd","1천+","2026년 3월 21일 AM 5시 0분 0초 UTC+9","2026년 3월 21일 AM 10시 20분 0초 UTC+9","bournemouth đấu với man utd","./explore?q=bournemouth%20%C4%91%E1%BA%A5u%20v%E1%BB%9Bi%20man%20utd&geo=KR"
"원주 db 대 대구 한국가스공사","1천+","2026년 3월 22일 PM 4시 20분 0초 UTC+9","2026년 3월 22일 PM 7시 50분 0초 UTC+9","원주 db 대 대구 한국가스공사","./explore?q=%EC%9B%90%EC%A3%BC%20db%20%EB%8C%80%20%EB%8C%80%EA%B5%AC%20%ED%95%9C%EA%B5%AD%EA%B0%80%EC%8A%A4%EA%B3%B5%EC%82%AC&geo=KR"
"김정은","200+","2026년 3월 24일 AM 6시 40분 0초 UTC+9","2026년 3월 24일 PM 1시 10분 0초 UTC+9","김정은,동아일보","./explore?q=%EA%B9%80%EC%A0%95%EC%9D%80&geo=KR"
"bihar board 12th result 2026 date","500+","2026년 3월 23일 PM 12시 10분 0초 UTC+9","2026년 3월 23일 PM 6시 10분 0초 UTC+9","bihar board 12th result 2026 date,bihar board 12th result 2026 link","./explore?q=bihar%20board%2012th%20result%202026%20date&geo=KR"
"서유리","1천+","2026년 3월 19일 PM 12시 20분 0초 UTC+9","2026년 3월 20일 PM 6시 30분 0초 UTC+9","서유리","./explore?q=%EC%84%9C%EC%9C%A0%EB%A6%AC&geo=KR"
"김현","500+","2026년 3월 20일 PM 12시 40분 0초 UTC+9","2026년 3월 21일 AM 5시 0분 0초 UTC+9","김현","./explore?q=%EA%B9%80%ED%98%84&geo=KR"
"샌안토니오 대 인디애나","500+","2026년 3월 22일 AM 10시 0분 0초 UTC+9","2026년 3월 22일 PM 4시 40분 0초 UTC+9","샌안토니오 대 인디애나","./explore?q=%EC%83%8C%EC%95%88%ED%86%A0%EB%8B%88%EC%98%A4%20%EB%8C%80%20%EC%9D%B8%EB%94%94%EC%95%A0%EB%82%98&geo=KR"
"코인니스","500+","2026년 3월 23일 AM 6시 40분 0초 UTC+9","2026년 3월 24일 AM 2시 0분 0초 UTC+9","코인니스","./explore?q=%EC%BD%94%EC%9D%B8%EB%8B%88%EC%8A%A4&geo=KR"
"이창용","100+","2026년 3월 25일 PM 9시 0분 0초 UTC+9","2026년 3월 25일 PM 9시 40분 0초 UTC+9","이창용","./explore?q=%EC%9D%B4%EC%B0%BD%EC%9A%A9&geo=KR"
"벤","200+","2026년 3월 24일 PM 4시 50분 0초 UTC+9","2026년 3월 25일 AM 5시 50분 0초 UTC+9","벤","./explore?q=%EB%B2%A4&geo=KR"
"정선희","200+","2026년 3월 24일 PM 10시 10분 0초 UTC+9","2026년 3월 25일 PM 1시 10분 0초 UTC+9","정선희","./explore?q=%EC%A0%95%EC%84%A0%ED%9D%AC&geo=KR"
"한인수","500+","2026년 3월 24일 PM 7시 20분 0초 UTC+9","2026년 3월 24일 PM 8시 30분 0초 UTC+9","한인수","./explore?q=%ED%95%9C%EC%9D%B8%EC%88%98&geo=KR"
"김지원","100+","2026년 3월 25일 AM 4시 10분 0초 UTC+9","2026년 3월 25일 AM 9시 40분 0초 UTC+9","김지원","./explore?q=%EA%B9%80%EC%A7%80%EC%9B%90&geo=KR"
"leonid radvinsky","200+","2026년 3월 23일 PM 10시 30분 0초 UTC+9","2026년 3월 24일 AM 6시 50분 0초 UTC+9","leonid radvinsky","./explore?q=leonid%20radvinsky&geo=KR"
"샌안토니오 대 피닉스","1천+","2026년 3월 20일 AM 9시 30분 0초 UTC+9","2026년 3월 20일 PM 7시 10분 0초 UTC+9","샌안토니오 대 피닉스","./explore?q=%EC%83%8C%EC%95%88%ED%86%A0%EB%8B%88%EC%98%A4%20%EB%8C%80%20%ED%94%BC%EB%8B%89%EC%8A%A4&geo=KR"
"쉬었음 청년","200+","2026년 3월 25일 PM 12시 30분 0초 UTC+9","2026년 3월 25일 PM 1시 40분 0초 UTC+9","쉬었음 청년,한동훈","./explore?q=%EC%89%AC%EC%97%88%EC%9D%8C%20%EC%B2%AD%EB%85%84&geo=KR"
"트위터","1천+","2026년 3월 24일 AM 6시 10분 0초 UTC+9","2026년 3월 24일 AM 7시 40분 0초 UTC+9","트위터,twitter","./explore?q=%ED%8A%B8%EC%9C%84%ED%84%B0&geo=KR"
"김광현","500+","2026년 3월 22일 PM 3시 50분 0초 UTC+9","2026년 3월 22일 PM 9시 20분 0초 UTC+9","김광현,ssg","./explore?q=%EA%B9%80%EA%B4%91%ED%98%84&geo=KR"
"swim","500+","2026년 3월 20일 PM 7시 20분 0초 UTC+9","2026년 3월 22일 AM 9시 0분 0초 UTC+9","swim","./explore?q=swim&geo=KR"
"성남 대 충남 아산 fc","500+","2026년 3월 21일 PM 2시 20분 0초 UTC+9","2026년 3월 21일 PM 7시 0분 0초 UTC+9","성남 대 충남 아산 fc","./explore?q=%EC%84%B1%EB%82%A8%20%EB%8C%80%20%EC%B6%A9%EB%82%A8%20%EC%95%84%EC%82%B0%20fc&geo=KR"
"블리자드","100+","2026년 3월 26일 AM 12시 40분 0초 UTC+9","2026년 3월 26일 AM 1시 10분 0초 UTC+9","블리자드","./explore?q=%EB%B8%94%EB%A6%AC%EC%9E%90%EB%93%9C&geo=KR"
"엘지트윈스","100+","2026년 3월 25일 PM 1시 50분 0초 UTC+9","2026년 3월 25일 PM 2시 50분 0초 UTC+9","엘지트윈스","./explore?q=%EC%97%98%EC%A7%80%ED%8A%B8%EC%9C%88%EC%8A%A4&geo=KR"
"현대모비스","100+","2026년 3월 25일 AM 11시 10분 0초 UTC+9","2026년 3월 25일 PM 12시 20분 0초 UTC+9","현대모비스","./explore?q=%ED%98%84%EB%8C%80%EB%AA%A8%EB%B9%84%EC%8A%A4&geo=KR"
"배그","1천+","2026년 3월 21일 PM 7시 40분 0초 UTC+9","2026년 3월 22일 AM 12시 10분 0초 UTC+9","배그","./explore?q=%EB%B0%B0%EA%B7%B8&geo=KR"
"로버트 뮬러","500+","2026년 3월 22일 AM 3시 50분 0초 UTC+9","2026년 3월 22일 PM 12시 10분 0초 UTC+9","로버트 뮬러","./explore?q=%EB%A1%9C%EB%B2%84%ED%8A%B8%20%EB%AE%AC%EB%9F%AC&geo=KR"
"타코","500+","2026년 3월 23일 PM 8시 10분 0초 UTC+9","2026년 3월 24일 AM 10시 30분 0초 UTC+9","타코,나스닥 지수,나스닥,다우지수","./explore?q=%ED%83%80%EC%BD%94&geo=KR"
"최미나수","500+","2026년 3월 19일 PM 7시 50분 0초 UTC+9","2026년 3월 21일 AM 5시 20분 0초 UTC+9","최미나수","./explore?q=%EC%B5%9C%EB%AF%B8%EB%82%98%EC%88%98&geo=KR"
"수원 kt 대 대구 한국가스공사","1천+","2026년 3월 20일 PM 7시 0분 0초 UTC+9","2026년 3월 21일 AM 7시 0분 0초 UTC+9","수원 kt 대 대구 한국가스공사","./explore?q=%EC%88%98%EC%9B%90%20kt%20%EB%8C%80%20%EB%8C%80%EA%B5%AC%20%ED%95%9C%EA%B5%AD%EA%B0%80%EC%8A%A4%EA%B3%B5%EC%82%AC&geo=KR"
"금양","100+","2026년 3월 24일 PM 4시 40분 0초 UTC+9","2026년 3월 25일 AM 7시 50분 0초 UTC+9","금양","./explore?q=%EA%B8%88%EC%96%91&geo=KR"
"pl","500+","2026년 3월 23일 AM 12시 0분 0초 UTC+9","2026년 3월 23일 AM 8시 10분 0초 UTC+9","pl","./explore?q=pl&geo=KR"
"독도","500+","2026년 3월 23일 AM 11시 40분 0초 UTC+9","2026년 3월 23일 PM 3시 0분 0초 UTC+9","독도","./explore?q=%EB%8F%85%EB%8F%84&geo=KR"
"la liga","500+","2026년 3월 23일 AM 5시 40분 0초 UTC+9","2026년 3월 23일 AM 9시 0분 0초 UTC+9","la liga","./explore?q=la%20liga&geo=KR"
"krx","500+","2026년 3월 20일 PM 1시 30분 0초 UTC+9","2026년 3월 21일 PM 5시 40분 0초 UTC+9","krx","./explore?q=krx&geo=KR"
"표예진","500+","2026년 3월 23일 PM 8시 50분 0초 UTC+9","2026년 3월 23일 PM 10시 40분 0초 UTC+9","표예진","./explore?q=%ED%91%9C%EC%98%88%EC%A7%84&geo=KR"
"배틀그라운드","500+","2026년 3월 21일 PM 6시 40분 0초 UTC+9","2026년 3월 22일 AM 12시 0분 0초 UTC+9","배틀그라운드","./explore?q=%EB%B0%B0%ED%8B%80%EA%B7%B8%EB%9D%BC%EC%9A%B4%EB%93%9C&geo=KR"
"robert mueller","200+","2026년 3월 22일 AM 7시 20분 0초 UTC+9","2026년 3월 22일 PM 12시 30분 0초 UTC+9","robert mueller","./explore?q=robert%20mueller&geo=KR"
"barcelona đấu với rayo","500+","2026년 3월 22일 PM 9시 20분 0초 UTC+9","2026년 3월 23일 AM 6시 20분 0초 UTC+9","barcelona đấu với rayo","./explore?q=barcelona%20%C4%91%E1%BA%A5u%20v%E1%BB%9Bi%20rayo&geo=KR"
"방시혁","500+","2026년 3월 21일 PM 6시 40분 0초 UTC+9","2026년 3월 22일 PM 2시 0분 0초 UTC+9","방시혁","./explore?q=%EB%B0%A9%EC%8B%9C%ED%98%81&geo=KR"
"김세연","500+","2026년 3월 23일 PM 5시 10분 0초 UTC+9","2026년 3월 23일 PM 7시 40분 0초 UTC+9","김세연,김세연 아나운서","./explore?q=%EA%B9%80%EC%84%B8%EC%97%B0&geo=KR"
"비트코인","500+","2026년 3월 23일 AM 7시 0분 0초 UTC+9","2026년 3월 23일 PM 9시 20분 0초 UTC+9","비트코인","./explore?q=%EB%B9%84%ED%8A%B8%EC%BD%94%EC%9D%B8&geo=KR"
"청주 대 안산 그리너스","500+","2026년 3월 21일 PM 4시 40분 0초 UTC+9","2026년 3월 21일 PM 8시 30분 0초 UTC+9","청주 대 안산 그리너스","./explore?q=%EC%B2%AD%EC%A3%BC%20%EB%8C%80%20%EC%95%88%EC%82%B0%20%EA%B7%B8%EB%A6%AC%EB%84%88%EC%8A%A4&geo=KR"
"이서진의 달라달라","100+","2026년 3월 25일 AM 12시 10분 0초 UTC+9","2026년 3월 25일 AM 5시 50분 0초 UTC+9","이서진의 달라달라","./explore?q=%EC%9D%B4%EC%84%9C%EC%A7%84%EC%9D%98%20%EB%8B%AC%EB%9D%BC%EB%8B%AC%EB%9D%BC&geo=KR"
"김상욱","500+","2026년 3월 20일 PM 7시 50분 0초 UTC+9","2026년 3월 21일 PM 12시 0분 0초 UTC+9","김상욱","./explore?q=%EA%B9%80%EC%83%81%EC%9A%B1&geo=KR"
"나스닥 선물","200+","2026년 3월 23일 PM 8시 10분 0초 UTC+9","2026년 3월 24일 AM 6시 10분 0초 UTC+9","나스닥 선물","./explore?q=%EB%82%98%EC%8A%A4%EB%8B%A5%20%EC%84%A0%EB%AC%BC&geo=KR"
"지진","500+","2026년 3월 20일 AM 12시 50분 0초 UTC+9","2026년 3월 20일 AM 8시 20분 0초 UTC+9","지진","./explore?q=%EC%A7%80%EC%A7%84&geo=KR"
"국시원","100+","2026년 3월 25일 AM 9시 50분 0초 UTC+9","2026년 3월 25일 AM 11시 0분 0초 UTC+9","국시원","./explore?q=%EA%B5%AD%EC%8B%9C%EC%9B%90&geo=KR"
"모브사르","200+","2026년 3월 22일 AM 9시 30분 0초 UTC+9","2026년 3월 22일 PM 7시 50분 0초 UTC+9","모브사르","./explore?q=%EB%AA%A8%EB%B8%8C%EC%82%AC%EB%A5%B4&geo=KR"
"유준상","200+","2026년 3월 24일 PM 9시 50분 0초 UTC+9","2026년 3월 24일 PM 11시 0분 0초 UTC+9","유준상","./explore?q=%EC%9C%A0%EC%A4%80%EC%83%81&geo=KR"
"김희은 셰프","100+","2026년 3월 25일 AM 8시 20분 0초 UTC+9","2026년 3월 25일 AM 9시 40분 0초 UTC+9","김희은 셰프","./explore?q=%EA%B9%80%ED%9D%AC%EC%9D%80%20%EC%85%B0%ED%94%84&geo=KR"
"김훈","1천+","2026년 3월 19일 PM 12시 50분 0초 UTC+9","2026년 3월 20일 AM 8시 30분 0초 UTC+9","김훈,남양주 스토킹","./explore?q=%EA%B9%80%ED%9B%88&geo=KR"
"신이랑 법률사무소","1천+","2026년 3월 21일 PM 9시 30분 0초 UTC+9","2026년 3월 22일 AM 12시 0분 0초 UTC+9","신이랑 법률사무소,오예주","./explore?q=%EC%8B%A0%EC%9D%B4%EB%9E%91%20%EB%B2%95%EB%A5%A0%EC%82%AC%EB%AC%B4%EC%86%8C&geo=KR"
"เอฟเวอร์ตัน พบ เชลซี","200+","2026년 3월 22일 AM 4시 30분 0초 UTC+9","2026년 3월 22일 AM 9시 20분 0초 UTC+9","เอฟเวอร์ตัน พบ เชลซี","./explore?q=%E0%B9%80%E0%B8%AD%E0%B8%9F%E0%B9%80%E0%B8%A7%E0%B8%AD%E0%B8%A3%E0%B9%8C%E0%B8%95%E0%B8%B1%E0%B8%99%20%E0%B8%9E%E0%B8%9A%20%E0%B9%80%E0%B8%8A%E0%B8%A5%E0%B8%8B%E0%B8%B5&geo=KR"
"캐시워크 정답","500+","2026년 3월 23일 PM 8시 30분 0초 UTC+9","2026년 3월 23일 PM 10시 10분 0초 UTC+9","캐시워크 정답,돈버는퀴즈","./explore?q=%EC%BA%90%EC%8B%9C%EC%9B%8C%ED%81%AC%20%EC%A0%95%EB%8B%B5&geo=KR"
"реал мадрид – атлетико мадрид","200+","2026년 3월 23일 AM 6시 10분 0초 UTC+9","2026년 3월 23일 AM 8시 40분 0초 UTC+9","реал мадрид – атлетико мадрид","./explore?q=%D1%80%D0%B5%D0%B0%D0%BB%20%D0%BC%D0%B0%D0%B4%D1%80%D0%B8%D0%B4%20%E2%80%93%20%D0%B0%D1%82%D0%BB%D0%B5%D1%82%D0%B8%D0%BA%D0%BE%20%D0%BC%D0%B0%D0%B4%D1%80%D0%B8%D0%B4&geo=KR"
"리버풀","1천+","2026년 3월 21일 PM 11시 20분 0초 UTC+9","2026년 3월 22일 AM 12시 50분 0초 UTC+9","리버풀,브라이튼,리버풀 브라이튼","./explore?q=%EB%A6%AC%EB%B2%84%ED%92%80&geo=KR"
"cuaca besok","200+","2026년 3월 24일 PM 9시 10분 0초 UTC+9","2026년 3월 24일 PM 10시 40분 0초 UTC+9","cuaca besok","./explore?q=cuaca%20besok&geo=KR"
"워싱턴 대 오클라호마시티","200+","2026년 3월 22일 AM 7시 50분 0초 UTC+9","2026년 3월 22일 PM 1시 30분 0초 UTC+9","워싱턴 대 오클라호마시티","./explore?q=%EC%9B%8C%EC%8B%B1%ED%84%B4%20%EB%8C%80%20%EC%98%A4%ED%81%B4%EB%9D%BC%ED%98%B8%EB%A7%88%EC%8B%9C%ED%8B%B0&geo=KR"
"김민희","1천+","2026년 3월 19일 PM 4시 0분 0초 UTC+9","2026년 3월 20일 AM 7시 50분 0초 UTC+9","김민희,홍상수","./explore?q=%EA%B9%80%EB%AF%BC%ED%9D%AC&geo=KR"
"sk이터닉스","1천+","2026년 3월 19일 PM 12시 30분 0초 UTC+9","2026년 3월 19일 PM 5시 20분 0초 UTC+9","sk이터닉스","./explore?q=sk%EC%9D%B4%ED%84%B0%EB%8B%89%EC%8A%A4&geo=KR"
"정원오","200+","2026년 3월 24일 PM 7시 20분 0초 UTC+9","2026년 3월 24일 PM 9시 20분 0초 UTC+9","정원오,동행","./explore?q=%EC%A0%95%EC%9B%90%EC%98%A4&geo=KR"
"김미화","500+","2026년 3월 19일 PM 9시 50분 0초 UTC+9","2026년 3월 20일 AM 10시 10분 0초 UTC+9","김미화","./explore?q=%EA%B9%80%EB%AF%B8%ED%99%94&geo=KR"
"박신양","500+","2026년 3월 22일 PM 6시 30분 0초 UTC+9","2026년 3월 22일 PM 8시 20분 0초 UTC+9","박신양","./explore?q=%EB%B0%95%EC%8B%A0%EC%96%91&geo=KR"
"하나투어","500+","2026년 3월 23일 AM 10시 0분 0초 UTC+9","2026년 3월 23일 PM 3시 0분 0초 UTC+9","하나투어","./explore?q=%ED%95%98%EB%82%98%ED%88%AC%EC%96%B4&geo=KR"
"bayern vs union berlin","200+","2026년 3월 21일 PM 11시 30분 0초 UTC+9","2026년 3월 22일 AM 8시 10분 0초 UTC+9","bayern vs union berlin","./explore?q=bayern%20vs%20union%20berlin&geo=KR"
"한화이글스","500+","2026년 3월 21일 AM 10시 0분 0초 UTC+9","2026년 3월 21일 PM 12시 40분 0초 UTC+9","한화이글스","./explore?q=%ED%95%9C%ED%99%94%EC%9D%B4%EA%B8%80%EC%8A%A4&geo=KR"
"eid mubarak","200+","2026년 3월 20일 PM 8시 20분 0초 UTC+9","2026년 3월 21일 PM 12시 20분 0초 UTC+9","eid mubarak","./explore?q=eid%20mubarak&geo=KR"
"이토준지","1천+","2026년 3월 20일 PM 11시 30분 0초 UTC+9","2026년 3월 21일 AM 1시 10분 0초 UTC+9","이토준지,이토 준지","./explore?q=%EC%9D%B4%ED%86%A0%EC%A4%80%EC%A7%80&geo=KR"
"휴스턴 대 마이애미","200+","2026년 3월 22일 AM 11시 20분 0초 UTC+9","2026년 3월 22일 PM 4시 50분 0초 UTC+9","휴스턴 대 마이애미","./explore?q=%ED%9C%B4%EC%8A%A4%ED%84%B4%20%EB%8C%80%20%EB%A7%88%EC%9D%B4%EC%95%A0%EB%AF%B8&geo=KR"
"단국대","100+","2026년 3월 25일 PM 1시 10분 0초 UTC+9","2026년 3월 25일 PM 2시 10분 0초 UTC+9","단국대","./explore?q=%EB%8B%A8%EA%B5%AD%EB%8C%80&geo=KR"
"카를로스 알카라스","1천+","2026년 3월 21일 AM 9시 50분 0초 UTC+9","2026년 3월 21일 AM 10시 50분 0초 UTC+9","카를로스 알카라스","./explore?q=%EC%B9%B4%EB%A5%BC%EB%A1%9C%EC%8A%A4%20%EC%95%8C%EC%B9%B4%EB%9D%BC%EC%8A%A4&geo=KR"
"mls","200+","2026년 3월 23일 AM 4시 10분 0초 UTC+9","2026년 3월 23일 AM 8시 20분 0초 UTC+9","mls","./explore?q=mls&geo=KR"
"k리그1 순위","200+","2026년 3월 22일 PM 3시 30분 0초 UTC+9","2026년 3월 22일 PM 7시 30분 0초 UTC+9","k리그1 순위","./explore?q=k%EB%A6%AC%EA%B7%B81%20%EC%88%9C%EC%9C%84&geo=KR"
"파라타항공","200+","2026년 3월 23일 AM 9시 40분 0초 UTC+9","2026년 3월 23일 AM 11시 40분 0초 UTC+9","파라타항공","./explore?q=%ED%8C%8C%EB%9D%BC%ED%83%80%ED%95%AD%EA%B3%B5&geo=KR"
"배나라","500+","2026년 3월 21일 PM 5시 50분 0초 UTC+9","2026년 3월 21일 PM 11시 30분 0초 UTC+9","배나라","./explore?q=%EB%B0%B0%EB%82%98%EB%9D%BC&geo=KR"
"project hail mary","500+","2026년 3월 20일 PM 6시 40분 0초 UTC+9","2026년 3월 22일 AM 1시 30분 0초 UTC+9","project hail mary","./explore?q=project%20hail%20mary&geo=KR"
"첼시","500+","2026년 3월 22일 AM 3시 10분 0초 UTC+9","2026년 3월 22일 AM 5시 20분 0초 UTC+9","첼시","./explore?q=%EC%B2%BC%EC%8B%9C&geo=KR"
"김병욱","200+","2026년 3월 20일 PM 7시 50분 0초 UTC+9","2026년 3월 21일 AM 11시 40분 0초 UTC+9","김병욱","./explore?q=%EA%B9%80%EB%B3%91%EC%9A%B1&geo=KR"
"이준혁","200+","2026년 3월 23일 PM 7시 30분 0초 UTC+9","2026년 3월 24일 AM 7시 20분 0초 UTC+9","이준혁","./explore?q=%EC%9D%B4%EC%A4%80%ED%98%81&geo=KR"
"brighton đấu với liverpool","200+","2026년 3월 21일 PM 9시 40분 0초 UTC+9","2026년 3월 22일 AM 7시 40분 0초 UTC+9","brighton đấu với liverpool","./explore?q=brighton%20%C4%91%E1%BA%A5u%20v%E1%BB%9Bi%20liverpool&geo=KR"
"울산 웨일즈","500+","2026년 3월 20일 PM 6시 50분 0초 UTC+9","2026년 3월 21일 AM 10시 30분 0초 UTC+9","울산 웨일즈,울산웨일즈,롯데자이언츠,퓨처스리그","./explore?q=%EC%9A%B8%EC%82%B0%20%EC%9B%A8%EC%9D%BC%EC%A6%88&geo=KR"
"เรอัลมาดริด พบ อัตเลติโกมาดริด","200+","2026년 3월 23일 AM 6시 40분 0초 UTC+9","2026년 3월 23일 AM 8시 50분 0초 UTC+9","เรอัลมาดริด พบ อัตเลติโกมาดริด","./explore?q=%E0%B9%80%E0%B8%A3%E0%B8%AD%E0%B8%B1%E0%B8%A5%E0%B8%A1%E0%B8%B2%E0%B8%94%E0%B8%A3%E0%B8%B4%E0%B8%94%20%E0%B8%9E%E0%B8%9A%20%E0%B8%AD%E0%B8%B1%E0%B8%95%E0%B9%80%E0%B8%A5%E0%B8%95%E0%B8%B4%E0%B9%82%E0%B8%81%E0%B8%A1%E0%B8%B2%E0%B8%94%E0%B8%A3%E0%B8%B4%E0%B8%94&geo=KR"
"속보","200+","2026년 3월 23일 PM 8시 0분 0초 UTC+9","2026년 3월 23일 PM 9시 30분 0초 UTC+9","속보","./explore?q=%EC%86%8D%EB%B3%B4&geo=KR"
"supreme","200+","2026년 3월 21일 AM 9시 30분 0초 UTC+9","2026년 3월 21일 PM 1시 20분 0초 UTC+9","supreme","./explore?q=supreme&geo=KR"
"nice vs psg","200+","2026년 3월 22일 AM 7시 0분 0초 UTC+9","2026년 3월 22일 AM 9시 50분 0초 UTC+9","nice vs psg,psg","./explore?q=nice%20vs%20psg&geo=KR"
"한화이글스","500+","2026년 3월 22일 AM 10시 30분 0초 UTC+9","2026년 3월 22일 PM 12시 0분 0초 UTC+9","한화이글스,롯데자이언츠,한화 이글스","./explore?q=%ED%95%9C%ED%99%94%EC%9D%B4%EA%B8%80%EC%8A%A4&geo=KR"
"잭 드레이퍼","500+","2026년 3월 21일 AM 7시 10분 0초 UTC+9","2026년 3월 21일 AM 9시 40분 0초 UTC+9","잭 드레이퍼,마이애미 오픈","./explore?q=%EC%9E%AD%20%EB%93%9C%EB%A0%88%EC%9D%B4%ED%8D%BC&geo=KR"
"장여준","100+","2026년 3월 24일 PM 9시 20분 0초 UTC+9","2026년 3월 25일 AM 6시 50분 0초 UTC+9","장여준","./explore?q=%EC%9E%A5%EC%97%AC%EC%A4%80&geo=KR"
"코레일","1천+","2026년 3월 20일 PM 2시 0분 0초 UTC+9","2026년 3월 20일 PM 3시 30분 0초 UTC+9","코레일,한국철도공사","./explore?q=%EC%BD%94%EB%A0%88%EC%9D%BC&geo=KR"
"bbc","200+","2026년 3월 23일 AM 7시 20분 0초 UTC+9","2026년 3월 24일 AM 6시 0분 0초 UTC+9","bbc","./explore?q=bbc&geo=KR"
"권칠승","500+","2026년 3월 20일 AM 8시 50분 0초 UTC+9","2026년 3월 20일 PM 2시 10분 0초 UTC+9","권칠승","./explore?q=%EA%B6%8C%EC%B9%A0%EC%8A%B9&geo=KR"
"new york city vs inter miami","200+","2026년 3월 23일 AM 6시 30분 0초 UTC+9","2026년 3월 23일 AM 8시 50분 0초 UTC+9","new york city vs inter miami","./explore?q=new%20york%20city%20vs%20inter%20miami&geo=KR"
"예스24티켓","100+","2026년 3월 24일 PM 7시 50분 0초 UTC+9","2026년 3월 24일 PM 9시 0분 0초 UTC+9","예스24티켓","./explore?q=%EC%98%88%EC%8A%A424%ED%8B%B0%EC%BC%93&geo=KR"
"휴전","200+","2026년 3월 23일 PM 8시 30분 0초 UTC+9","2026년 3월 23일 PM 9시 50분 0초 UTC+9","휴전","./explore?q=%ED%9C%B4%EC%A0%84&geo=KR"
"우리은행","1천+","2026년 3월 20일 PM 6시 50분 0초 UTC+9","2026년 3월 20일 PM 8시 30분 0초 UTC+9","우리은행","./explore?q=%EC%9A%B0%EB%A6%AC%EC%9D%80%ED%96%89&geo=KR"
"арсенал – манчестер сити","200+","2026년 3월 23일 AM 5시 10분 0초 UTC+9","2026년 3월 23일 AM 8시 10분 0초 UTC+9","арсенал – манчестер сити","./explore?q=%D0%B0%D1%80%D1%81%D0%B5%D0%BD%D0%B0%D0%BB%20%E2%80%93%20%D0%BC%D0%B0%D0%BD%D1%87%D0%B5%D1%81%D1%82%D0%B5%D1%80%20%D1%81%D0%B8%D1%82%D0%B8&geo=KR"
"양상국","500+","2026년 3월 21일 PM 7시 10분 0초 UTC+9","2026년 3월 21일 PM 9시 0분 0초 UTC+9","양상국,허경환","./explore?q=%EC%96%91%EC%83%81%EA%B5%AD&geo=KR"
"laliga","200+","2026년 3월 23일 AM 4시 10분 0초 UTC+9","2026년 3월 23일 AM 8시 30분 0초 UTC+9","laliga","./explore?q=laliga&geo=KR"
"nba","1천+","2026년 3월 22일 AM 10시 40분 0초 UTC+9","2026년 3월 22일 PM 12시 30분 0초 UTC+9","nba","./explore?q=nba&geo=KR"
"프리미어리그","1천+","2026년 3월 21일 AM 6시 50분 0초 UTC+9","2026년 3월 21일 AM 8시 10분 0초 UTC+9","프리미어리그","./explore?q=%ED%94%84%EB%A6%AC%EB%AF%B8%EC%96%B4%EB%A6%AC%EA%B7%B8&geo=KR"
"기상청","100+","2026년 3월 25일 AM 6시 0분 0초 UTC+9","2026년 3월 25일 AM 7시 0분 0초 UTC+9","기상청","./explore?q=%EA%B8%B0%EC%83%81%EC%B2%AD&geo=KR"
"몽글툰","100+","2026년 3월 23일 PM 5시 50분 0초 UTC+9","2026년 3월 24일 AM 9시 10분 0초 UTC+9","몽글툰","./explore?q=%EB%AA%BD%EA%B8%80%ED%88%B0&geo=KR"
"cnn","200+","2026년 3월 23일 PM 8시 10분 0초 UTC+9","2026년 3월 23일 PM 9시 20분 0초 UTC+9","cnn","./explore?q=cnn&geo=KR"
"박신양","1천+","2026년 3월 19일 PM 8시 50분 0초 UTC+9","2026년 3월 19일 PM 10시 30분 0초 UTC+9","박신양","./explore?q=%EB%B0%95%EC%8B%A0%EC%96%91&geo=KR"
"대한민국","500+","2026년 3월 21일 PM 8시 0분 0초 UTC+9","2026년 3월 21일 PM 10시 10분 0초 UTC+9","대한민국","./explore?q=%EB%8C%80%ED%95%9C%EB%AF%BC%EA%B5%AD&geo=KR"
"이대호","200+","2026년 3월 23일 PM 1시 10분 0초 UTC+9","2026년 3월 23일 PM 2시 40분 0초 UTC+9","이대호","./explore?q=%EC%9D%B4%EB%8C%80%ED%98%B8&geo=KR"
"x","200+","2026년 3월 24일 AM 6시 20분 0초 UTC+9","2026년 3월 24일 AM 7시 20분 0초 UTC+9","x","./explore?q=x&geo=KR"
"한국전력공사 채용","100+","2026년 3월 23일 PM 8시 10분 0초 UTC+9","2026년 3월 24일 AM 10시 10분 0초 UTC+9","한국전력공사 채용","./explore?q=%ED%95%9C%EA%B5%AD%EC%A0%84%EB%A0%A5%EA%B3%B5%EC%82%AC%20%EC%B1%84%EC%9A%A9&geo=KR"
"엘지트윈스","100+","2026년 3월 24일 PM 1시 50분 0초 UTC+9","2026년 3월 24일 PM 2시 50분 0초 UTC+9","엘지트윈스","./explore?q=%EC%97%98%EC%A7%80%ED%8A%B8%EC%9C%88%EC%8A%A4&geo=KR"
"이스라엘","200+","2026년 3월 23일 PM 9시 30분 0초 UTC+9","2026년 3월 24일 AM 3시 20분 0초 UTC+9","이스라엘,디에고 가르시아,카스피해","./explore?q=%EC%9D%B4%EC%8A%A4%EB%9D%BC%EC%97%98&geo=KR"
"달러인덱스","200+","2026년 3월 23일 PM 3시 30분 0초 UTC+9","2026년 3월 23일 PM 5시 20분 0초 UTC+9","달러인덱스","./explore?q=%EB%8B%AC%EB%9F%AC%EC%9D%B8%EB%8D%B1%EC%8A%A4&geo=KR"
"상대동","200+","2026년 3월 23일 PM 1시 20분 0초 UTC+9","2026년 3월 23일 PM 2시 30분 0초 UTC+9","상대동","./explore?q=%EC%83%81%EB%8C%80%EB%8F%99&geo=KR"
"개그우먼 출신 서울시의원","200+","2026년 3월 19일 AM 11시 10분 0초 UTC+9","2026년 3월 20일 AM 9시 20분 0초 UTC+9","개그우먼 출신 서울시의원","./explore?q=%EA%B0%9C%EA%B7%B8%EC%9A%B0%EB%A8%BC%20%EC%B6%9C%EC%8B%A0%20%EC%84%9C%EC%9A%B8%EC%8B%9C%EC%9D%98%EC%9B%90&geo=KR"
"김병세 부인","200+","2026년 3월 22일 PM 9시 30분 0초 UTC+9","2026년 3월 22일 PM 10시 50분 0초 UTC+9","김병세 부인","./explore?q=%EA%B9%80%EB%B3%91%EC%84%B8%20%EB%B6%80%EC%9D%B8&geo=KR"
"정청래 노짱","100+","2026년 3월 23일 PM 6시 0분 0초 UTC+9","2026년 3월 24일 AM 7시 10분 0초 UTC+9","정청래 노짱","./explore?q=%EC%A0%95%EC%B2%AD%EB%9E%98%20%EB%85%B8%EC%A7%B1&geo=KR"
"김경률","100+","2026년 3월 23일 PM 7시 0분 0초 UTC+9","2026년 3월 23일 PM 8시 40분 0초 UTC+9","김경률","./explore?q=%EA%B9%80%EA%B2%BD%EB%A5%A0&geo=KR"
"유로파 컨퍼런스리그","500+","2026년 3월 20일 AM 5시 20분 0초 UTC+9","2026년 3월 20일 AM 9시 10분 0초 UTC+9","유로파 컨퍼런스리그,마인츠","./explore?q=%EC%9C%A0%EB%A1%9C%ED%8C%8C%20%EC%BB%A8%ED%8D%BC%EB%9F%B0%EC%8A%A4%EB%A6%AC%EA%B7%B8&geo=KR"
"오영훈","100+","2026년 3월 24일 PM 8시 10분 0초 UTC+9","2026년 3월 24일 PM 9시 20분 0초 UTC+9","오영훈","./explore?q=%EC%98%A4%EC%98%81%ED%9B%88&geo=KR"
"aston villa vs west ham","200+","2026년 3월 23일 AM 12시 0분 0초 UTC+9","2026년 3월 23일 AM 6시 0분 0초 UTC+9","aston villa vs west ham","./explore?q=aston%20villa%20vs%20west%20ham&geo=KR"
"김혜성","200+","2026년 3월 23일 AM 7시 30분 0초 UTC+9","2026년 3월 23일 AM 9시 20분 0초 UTC+9","김혜성","./explore?q=%EA%B9%80%ED%98%9C%EC%84%B1&geo=KR"
"seeking alpha","200+","2026년 3월 23일 PM 8시 0분 0초 UTC+9","2026년 3월 23일 PM 9시 10분 0초 UTC+9","seeking alpha","./explore?q=seeking%20alpha&geo=KR"
"선우","200+","2026년 3월 19일 PM 11시 0분 0초 UTC+9","2026년 3월 20일 AM 4시 0분 0초 UTC+9","선우","./explore?q=%EC%84%A0%EC%9A%B0&geo=KR"
"엘지트윈스","200+","2026년 3월 23일 PM 1시 40분 0초 UTC+9","2026년 3월 23일 PM 3시 0분 0초 UTC+9","엘지트윈스","./explore?q=%EC%97%98%EC%A7%80%ED%8A%B8%EC%9C%88%EC%8A%A4&geo=KR"
"lpga","200+","2026년 3월 21일 AM 5시 50분 0초 UTC+9","2026년 3월 21일 AM 11시 40분 0초 UTC+9","lpga","./explore?q=lpga&geo=KR"
"국립현대미술관","200+","2026년 3월 21일 AM 9시 40분 0초 UTC+9","2026년 3월 22일 AM 11시 50분 0초 UTC+9","국립현대미술관","./explore?q=%EA%B5%AD%EB%A6%BD%ED%98%84%EB%8C%80%EB%AF%B8%EC%88%A0%EA%B4%80&geo=KR"
"bts 진","500+","2026년 3월 21일 PM 8시 30분 0초 UTC+9","2026년 3월 21일 PM 10시 10분 0초 UTC+9","bts 진,bts 정국,bts 슈가","./explore?q=bts%20%EC%A7%84&geo=KR"
"cybersecurity tips","100+","2026년 3월 24일 AM 5시 40분 0초 UTC+9","2026년 3월 24일 AM 7시 10분 0초 UTC+9","cybersecurity tips","./explore?q=cybersecurity%20tips&geo=KR"
"f35","200+","2026년 3월 20일 AM 8시 20분 0초 UTC+9","2026년 3월 21일 PM 1시 30분 0초 UTC+9","f35","./explore?q=f35&geo=KR"
"김소현","500+","2026년 3월 20일 PM 9시 50분 0초 UTC+9","2026년 3월 22일 AM 12시 30분 0초 UTC+9","김소현,박보검","./explore?q=%EA%B9%80%EC%86%8C%ED%98%84&geo=KR"
"이강인","200+","2026년 3월 22일 AM 6시 10분 0초 UTC+9","2026년 3월 22일 AM 10시 20분 0초 UTC+9","이강인","./explore?q=%EC%9D%B4%EA%B0%95%EC%9D%B8&geo=KR"
"빛과전자","100+","2026년 3월 24일 AM 9시 0분 0초 UTC+9","2026년 3월 24일 AM 10시 20분 0초 UTC+9","빛과전자","./explore?q=%EB%B9%9B%EA%B3%BC%EC%A0%84%EC%9E%90&geo=KR"
"барселона – райо вальекано","200+","2026년 3월 22일 PM 10시 10분 0초 UTC+9","2026년 3월 23일 AM 7시 20분 0초 UTC+9","барселона – райо вальекано","./explore?q=%D0%B1%D0%B0%D1%80%D1%81%D0%B5%D0%BB%D0%BE%D0%BD%D0%B0%20%E2%80%93%20%D1%80%D0%B0%D0%B9%D0%BE%20%D0%B2%D0%B0%D0%BB%D1%8C%D0%B5%D0%BA%D0%B0%D0%BD%D0%BE&geo=KR"
"q-net","200+","2026년 3월 23일 AM 10시 40분 0초 UTC+9","2026년 3월 23일 PM 3시 0분 0초 UTC+9","q-net","./explore?q=q-net&geo=KR"
"mu","200+","2026년 3월 21일 AM 6시 10분 0초 UTC+9","2026년 3월 21일 AM 9시 50분 0초 UTC+9","mu","./explore?q=mu&geo=KR"
"blockchain technology","200+","2026년 3월 21일 AM 4시 40분 0초 UTC+9","2026년 3월 21일 AM 8시 30분 0초 UTC+9","blockchain technology","./explore?q=blockchain%20technology&geo=KR"
"정청래","200+","2026년 3월 20일 PM 2시 20분 0초 UTC+9","2026년 3월 20일 PM 7시 20분 0초 UTC+9","정청래","./explore?q=%EC%A0%95%EC%B2%AD%EB%9E%98&geo=KR"
"운세","100+","2026년 3월 24일 AM 6시 30분 0초 UTC+9","2026년 3월 24일 AM 8시 50분 0초 UTC+9","운세","./explore?q=%EC%9A%B4%EC%84%B8&geo=KR"
"테일러 프리츠","200+","2026년 3월 21일 AM 8시 30분 0초 UTC+9","2026년 3월 21일 AM 11시 50분 0초 UTC+9","테일러 프리츠","./explore?q=%ED%85%8C%EC%9D%BC%EB%9F%AC%20%ED%94%84%EB%A6%AC%EC%B8%A0&geo=KR"
"엘지트윈스","200+","2026년 3월 21일 AM 10시 40분 0초 UTC+9","2026년 3월 21일 PM 3시 0분 0초 UTC+9","엘지트윈스","./explore?q=%EC%97%98%EC%A7%80%ED%8A%B8%EC%9C%88%EC%8A%A4&geo=KR"
"송성문","100+","2026년 3월 25일 AM 1시 20분 0초 UTC+9","2026년 3월 25일 AM 6시 20분 0초 UTC+9","송성문","./explore?q=%EC%86%A1%EC%84%B1%EB%AC%B8&geo=KR"
"lcs","200+","2026년 3월 19일 PM 10시 30분 0초 UTC+9","2026년 3월 20일 AM 1시 0분 0초 UTC+9","lcs","./explore?q=lcs&geo=KR"
"pga","100+","2026년 3월 23일 AM 5시 40분 0초 UTC+9","2026년 3월 23일 AM 8시 20분 0초 UTC+9","pga","./explore?q=pga&geo=KR"
"현대차 채용","200+","2026년 3월 20일 AM 9시 40분 0초 UTC+9","2026년 3월 20일 PM 1시 20분 0초 UTC+9","현대차 채용","./explore?q=%ED%98%84%EB%8C%80%EC%B0%A8%20%EC%B1%84%EC%9A%A9&geo=KR"
"sk하이닉스","200+","2026년 3월 23일 PM 8시 20분 0초 UTC+9","2026년 3월 23일 PM 9시 20분 0초 UTC+9","sk하이닉스","./explore?q=sk%ED%95%98%EC%9D%B4%EB%8B%89%EC%8A%A4&geo=KR"
"임창정","200+","2026년 3월 22일 PM 8시 40분 0초 UTC+9","2026년 3월 22일 PM 9시 50분 0초 UTC+9","임창정","./explore?q=%EC%9E%84%EC%B0%BD%EC%A0%95&geo=KR"
"뉴스","200+","2026년 3월 23일 PM 8시 50분 0초 UTC+9","2026년 3월 24일 AM 6시 20분 0초 UTC+9","뉴스","./explore?q=%EB%89%B4%EC%8A%A4&geo=KR"
"박보영","200+","2026년 3월 22일 PM 7시 0분 0초 UTC+9","2026년 3월 22일 PM 8시 30분 0초 UTC+9","박보영","./explore?q=%EB%B0%95%EB%B3%B4%EC%98%81&geo=KR"
"최예나","200+","2026년 3월 21일 AM 8시 0분 0초 UTC+9","2026년 3월 21일 PM 9시 40분 0초 UTC+9","최예나,채령","./explore?q=%EC%B5%9C%EC%98%88%EB%82%98&geo=KR"
"놀라운 목요일","200+","2026년 3월 19일 PM 8시 50분 0초 UTC+9","2026년 3월 19일 PM 11시 20분 0초 UTC+9","놀라운 목요일","./explore?q=%EB%86%80%EB%9D%BC%EC%9A%B4%20%EB%AA%A9%EC%9A%94%EC%9D%BC&geo=KR"
"업비트","500+","2026년 3월 23일 PM 8시 30분 0초 UTC+9","2026년 3월 23일 PM 9시 10분 0초 UTC+9","업비트","./explore?q=%EC%97%85%EB%B9%84%ED%8A%B8&geo=KR"
"대우건설 주가","500+","2026년 3월 23일 AM 9시 40분 0초 UTC+9","2026년 3월 23일 AM 10시 30분 0초 UTC+9","대우건설 주가","./explore?q=%EB%8C%80%EC%9A%B0%EA%B1%B4%EC%84%A4%20%EC%A3%BC%EA%B0%80&geo=KR"
"aston villa vs losc","200+","2026년 3월 20일 AM 6시 40분 0초 UTC+9","2026년 3월 20일 AM 9시 10분 0초 UTC+9","aston villa vs losc","./explore?q=aston%20villa%20vs%20losc&geo=KR"
"서려경","100+","2026년 3월 24일 PM 12시 10분 0초 UTC+9","2026년 3월 24일 PM 1시 0분 0초 UTC+9","서려경","./explore?q=%EC%84%9C%EB%A0%A4%EA%B2%BD&geo=KR"
"bundesliga","100+","2026년 3월 22일 AM 12시 10분 0초 UTC+9","2026년 3월 22일 AM 8시 10분 0초 UTC+9","bundesliga","./explore?q=bundesliga&geo=KR"
"everton đấu với chelsea","100+","2026년 3월 22일 AM 5시 30분 0초 UTC+9","2026년 3월 22일 AM 8시 30분 0초 UTC+9","everton đấu với chelsea","./explore?q=everton%20%C4%91%E1%BA%A5u%20v%E1%BB%9Bi%20chelsea&geo=KR"
"배동현","200+","2026년 3월 22일 PM 6시 0분 0초 UTC+9","2026년 3월 22일 PM 7시 20분 0초 UTC+9","배동현","./explore?q=%EB%B0%B0%EB%8F%99%ED%98%84&geo=KR"
"토트넘 경기일정","100+","2026년 3월 23일 AM 1시 0분 0초 UTC+9","2026년 3월 23일 AM 3시 10분 0초 UTC+9","토트넘 경기일정","./explore?q=%ED%86%A0%ED%8A%B8%EB%84%98%20%EA%B2%BD%EA%B8%B0%EC%9D%BC%EC%A0%95&geo=KR"
"박진희","200+","2026년 3월 22일 PM 9시 50분 0초 UTC+9","2026년 3월 22일 PM 11시 0분 0초 UTC+9","박진희","./explore?q=%EB%B0%95%EC%A7%84%ED%9D%AC&geo=KR"
"k스타트업","100+","2026년 3월 23일 PM 3시 30분 0초 UTC+9","2026년 3월 23일 PM 4시 50분 0초 UTC+9","k스타트업","./explore?q=k%EC%8A%A4%ED%83%80%ED%8A%B8%EC%97%85&geo=KR"
"천하람","200+","2026년 3월 20일 PM 6시 0분 0초 UTC+9","2026년 3월 20일 PM 9시 30분 0초 UTC+9","천하람","./explore?q=%EC%B2%9C%ED%95%98%EB%9E%8C&geo=KR"
"엘지트윈스","200+","2026년 3월 20일 PM 1시 10분 0초 UTC+9","2026년 3월 20일 PM 3시 0분 0초 UTC+9","엘지트윈스","./explore?q=%EC%97%98%EC%A7%80%ED%8A%B8%EC%9C%88%EC%8A%A4&geo=KR"
"이휘재","200+","2026년 3월 21일 PM 7시 50분 0초 UTC+9","2026년 3월 22일 AM 11시 10분 0초 UTC+9","이휘재","./explore?q=%EC%9D%B4%ED%9C%98%EC%9E%AC&geo=KR"
"공소청법","200+","2026년 3월 20일 PM 5시 0분 0초 UTC+9","2026년 3월 21일 AM 8시 10분 0초 UTC+9","공소청법","./explore?q=%EA%B3%B5%EC%86%8C%EC%B2%AD%EB%B2%95&geo=KR"
"아이엠바이오로직스","200+","2026년 3월 20일 AM 9시 0분 0초 UTC+9","2026년 3월 20일 AM 11시 10분 0초 UTC+9","아이엠바이오로직스","./explore?q=%EC%95%84%EC%9D%B4%EC%97%A0%EB%B0%94%EC%9D%B4%EC%98%A4%EB%A1%9C%EC%A7%81%EC%8A%A4&geo=KR"
"멜론","1천+","2026년 3월 20일 PM 1시 0분 0초 UTC+9","2026년 3월 20일 PM 2시 20분 0초 UTC+9","멜론","./explore?q=%EB%A9%9C%EB%A1%A0&geo=KR"
"리그오브레전드","500+","2026년 3월 21일 AM 9시 30분 0초 UTC+9","2026년 3월 21일 AM 10시 50분 0초 UTC+9","리그오브레전드,라이엇","./explore?q=%EB%A6%AC%EA%B7%B8%EC%98%A4%EB%B8%8C%EB%A0%88%EC%A0%84%EB%93%9C&geo=KR"
"최지수","200+","2026년 3월 22일 PM 1시 50분 0초 UTC+9","2026년 3월 22일 PM 2시 50분 0초 UTC+9","최지수","./explore?q=%EC%B5%9C%EC%A7%80%EC%88%98&geo=KR"
"신효범","200+","2026년 3월 22일 PM 6시 50분 0초 UTC+9","2026년 3월 22일 PM 8시 0분 0초 UTC+9","신효범","./explore?q=%EC%8B%A0%ED%9A%A8%EB%B2%94&geo=KR"
"lyon","200+","2026년 3월 19일 PM 10시 40분 0초 UTC+9","2026년 3월 20일 AM 1시 0분 0초 UTC+9","lyon","./explore?q=lyon&geo=KR"
"정현창","200+","2026년 3월 21일 PM 2시 30분 0초 UTC+9","2026년 3월 21일 PM 5시 20분 0초 UTC+9","정현창","./explore?q=%EC%A0%95%ED%98%84%EC%B0%BD&geo=KR"
"중앙일보","200+","2026년 3월 25일 AM 7시 0분 0초 UTC+9","2026년 3월 25일 AM 7시 40분 0초 UTC+9","중앙일보","./explore?q=%EC%A4%91%EC%95%99%EC%9D%BC%EB%B3%B4&geo=KR"
"นิวคาสเซิล พบ ซันเดอร์แลนด์","200+","2026년 3월 22일 PM 9시 50분 0초 UTC+9","2026년 3월 22일 PM 11시 20분 0초 UTC+9","นิวคาสเซิล พบ ซันเดอร์แลนด์","./explore?q=%E0%B8%99%E0%B8%B4%E0%B8%A7%E0%B8%84%E0%B8%B2%E0%B8%AA%E0%B9%80%E0%B8%8B%E0%B8%B4%E0%B8%A5%20%E0%B8%9E%E0%B8%9A%20%E0%B8%8B%E0%B8%B1%E0%B8%99%E0%B9%80%E0%B8%94%E0%B8%AD%E0%B8%A3%E0%B9%8C%E0%B9%81%E0%B8%A5%E0%B8%99%E0%B8%94%E0%B9%8C&geo=KR"
"염혜란","200+","2026년 3월 20일 PM 7시 40분 0초 UTC+9","2026년 3월 20일 PM 8시 50분 0초 UTC+9","염혜란","./explore?q=%EC%97%BC%ED%98%9C%EB%9E%80&geo=KR"
"베카붐","200+","2026년 3월 19일 PM 5시 30분 0초 UTC+9","2026년 3월 20일 AM 9시 10분 0초 UTC+9","베카붐","./explore?q=%EB%B2%A0%EC%B9%B4%EB%B6%90&geo=KR"
"김동현","100+","2026년 3월 22일 PM 10시 30분 0초 UTC+9","2026년 3월 22일 PM 11시 40분 0초 UTC+9","김동현","./explore?q=%EA%B9%80%EB%8F%99%ED%98%84&geo=KR"
"윈터","200+","2026년 3월 21일 PM 8시 20분 0초 UTC+9","2026년 3월 21일 PM 10시 10분 0초 UTC+9","윈터","./explore?q=%EC%9C%88%ED%84%B0&geo=KR"
"이호철","200+","2026년 3월 22일 PM 10시 20분 0초 UTC+9","2026년 3월 22일 PM 11시 20분 0초 UTC+9","이호철","./explore?q=%EC%9D%B4%ED%98%B8%EC%B2%A0&geo=KR"
"lg트윈스","200+","2026년 3월 21일 AM 10시 50분 0초 UTC+9","2026년 3월 21일 PM 2시 50분 0초 UTC+9","lg트윈스,삼성라이온즈","./explore?q=lg%ED%8A%B8%EC%9C%88%EC%8A%A4&geo=KR"
"현대건설","100+","2026년 3월 23일 PM 9시 20분 0초 UTC+9","2026년 3월 23일 PM 10시 30분 0초 UTC+9","현대건설","./explore?q=%ED%98%84%EB%8C%80%EA%B1%B4%EC%84%A4&geo=KR"
"조항조","200+","2026년 3월 21일 PM 10시 50분 0초 UTC+9","2026년 3월 21일 PM 11시 40분 0초 UTC+9","조항조,남진","./explore?q=%EC%A1%B0%ED%95%AD%EC%A1%B0&geo=KR"
"성시경","100+","2026년 3월 22일 PM 7시 30분 0초 UTC+9","2026년 3월 22일 PM 8시 40분 0초 UTC+9","성시경","./explore?q=%EC%84%B1%EC%8B%9C%EA%B2%BD&geo=KR"
"독도","200+","2026년 3월 20일 AM 11시 0분 0초 UTC+9","2026년 3월 20일 PM 2시 30분 0초 UTC+9","독도","./explore?q=%EB%8F%85%EB%8F%84&geo=KR"
"이연희","200+","2026년 3월 20일 AM 10시 50분 0초 UTC+9","2026년 3월 20일 PM 12시 20분 0초 UTC+9","이연희","./explore?q=%EC%9D%B4%EC%97%B0%ED%9D%AC&geo=KR"
"손숙","500+","2026년 3월 19일 PM 5시 30분 0초 UTC+9","2026년 3월 20일 AM 12시 10분 0초 UTC+9","손숙,하예린","./explore?q=%EC%86%90%EC%88%99&geo=KR"
"news","100+","2026년 3월 23일 PM 8시 20분 0초 UTC+9","2026년 3월 24일 AM 2시 40분 0초 UTC+9","news","./explore?q=news&geo=KR"
"fa컵","100+","2026년 3월 23일 AM 3시 30분 0초 UTC+9","2026년 3월 23일 AM 4시 30분 0초 UTC+9","fa컵","./explore?q=fa%EC%BB%B5&geo=KR"
"하정우","200+","2026년 3월 21일 AM 11시 30분 0초 UTC+9","2026년 3월 21일 PM 4시 0분 0초 UTC+9","하정우,임수정","./explore?q=%ED%95%98%EC%A0%95%EC%9A%B0&geo=KR"
"dart","200+","2026년 3월 23일 AM 9시 30분 0초 UTC+9","2026년 3월 23일 AM 11시 40분 0초 UTC+9","dart","./explore?q=dart&geo=KR"
"그것이 알고싶다","200+","2026년 3월 20일 PM 8시 50분 0초 UTC+9","2026년 3월 21일 AM 7시 50분 0초 UTC+9","그것이 알고싶다,김상중,신인규","./explore?q=%EA%B7%B8%EA%B2%83%EC%9D%B4%20%EC%95%8C%EA%B3%A0%EC%8B%B6%EB%8B%A4&geo=KR"
"하이브 주가","200+","2026년 3월 20일 PM 1시 10분 0초 UTC+9","2026년 3월 20일 PM 9시 10분 0초 UTC+9","하이브 주가","./explore?q=%ED%95%98%EC%9D%B4%EB%B8%8C%20%EC%A3%BC%EA%B0%80&geo=KR"
"레바논","100+","2026년 3월 23일 PM 8시 10분 0초 UTC+9","2026년 3월 23일 PM 9시 0분 0초 UTC+9","레바논","./explore?q=%EB%A0%88%EB%B0%94%EB%85%BC&geo=KR"
"sk증권","200+","2026년 3월 20일 AM 11시 10분 0초 UTC+9","2026년 3월 20일 PM 2시 0분 0초 UTC+9","sk증권","./explore?q=sk%EC%A6%9D%EA%B6%8C&geo=KR"
"조선일보","100+","2026년 3월 24일 AM 6시 10분 0초 UTC+9","2026년 3월 24일 AM 7시 20분 0초 UTC+9","조선일보","./explore?q=%EC%A1%B0%EC%84%A0%EC%9D%BC%EB%B3%B4&geo=KR"
"맞춤형복지","100+","2026년 3월 24일 AM 8시 40분 0초 UTC+9","2026년 3월 24일 AM 9시 20분 0초 UTC+9","맞춤형복지","./explore?q=%EB%A7%9E%EC%B6%A4%ED%98%95%EB%B3%B5%EC%A7%80&geo=KR"
"포르쉐 추락 인플 루 언서","200+","2026년 3월 20일 PM 8시 50분 0초 UTC+9","2026년 3월 20일 PM 10시 10분 0초 UTC+9","포르쉐 추락 인플 루 언서","./explore?q=%ED%8F%AC%EB%A5%B4%EC%89%90%20%EC%B6%94%EB%9D%BD%20%EC%9D%B8%ED%94%8C%20%EB%A3%A8%20%EC%96%B8%EC%84%9C&geo=KR"
"aliens","200+","2026년 3월 21일 PM 8시 30분 0초 UTC+9","2026년 3월 21일 PM 9시 30분 0초 UTC+9","aliens","./explore?q=aliens&geo=KR"
"백지영","200+","2026년 3월 21일 PM 10시 30분 0초 UTC+9","2026년 3월 22일 AM 10시 0분 0초 UTC+9","백지영,박서진","./explore?q=%EB%B0%B1%EC%A7%80%EC%98%81&geo=KR"
"김민우","100+","2026년 3월 23일 AM 12시 0분 0초 UTC+9","2026년 3월 23일 AM 12시 50분 0초 UTC+9","김민우","./explore?q=%EA%B9%80%EB%AF%BC%EC%9A%B0&geo=KR"
"넥슨","500+","2026년 3월 20일 PM 9시 20분 0초 UTC+9","2026년 3월 20일 PM 10시 20분 0초 UTC+9","넥슨","./explore?q=%EB%84%A5%EC%8A%A8&geo=KR"
"빌보드","100+","2026년 3월 21일 PM 8시 50분 0초 UTC+9","2026년 3월 22일 AM 10시 50분 0초 UTC+9","빌보드","./explore?q=%EB%B9%8C%EB%B3%B4%EB%93%9C&geo=KR"
"밀리","500+","2026년 3월 19일 PM 11시 10분 0초 UTC+9","2026년 3월 20일 AM 8시 0분 0초 UTC+9","밀리","./explore?q=%EB%B0%80%EB%A6%AC&geo=KR"
"investing","100+","2026년 3월 23일 PM 8시 50분 0초 UTC+9","2026년 3월 23일 PM 9시 40분 0초 UTC+9","investing","./explore?q=investing&geo=KR"
"이태원 참사","100+","2026년 3월 21일 PM 8시 10분 0초 UTC+9","2026년 3월 22일 AM 6시 20분 0초 UTC+9","이태원 참사","./explore?q=%EC%9D%B4%ED%83%9C%EC%9B%90%20%EC%B0%B8%EC%82%AC&geo=KR"
"lng","100+","2026년 3월 20일 AM 7시 0분 0초 UTC+9","2026년 3월 20일 AM 10시 20분 0초 UTC+9","lng","./explore?q=lng&geo=KR"
"서든","200+","2026년 3월 20일 PM 9시 10분 0초 UTC+9","2026년 3월 20일 PM 10시 30분 0초 UTC+9","서든","./explore?q=%EC%84%9C%EB%93%A0&geo=KR"
"권우현","100+","2026년 3월 21일 AM 2시 10분 0초 UTC+9","2026년 3월 21일 AM 8시 20분 0초 UTC+9","권우현,다음 포털","./explore?q=%EA%B6%8C%EC%9A%B0%ED%98%84&geo=KR"
"롯데리아","100+","2026년 3월 21일 PM 12시 10분 0초 UTC+9","2026년 3월 21일 PM 1시 50분 0초 UTC+9","롯데리아","./explore?q=%EB%A1%AF%EB%8D%B0%EB%A6%AC%EC%95%84&geo=KR"
"g2","100+","2026년 3월 21일 AM 12시 30분 0초 UTC+9","2026년 3월 21일 AM 2시 10분 0초 UTC+9","g2,league of legends","./explore?q=g2&geo=KR"
"gold price","200+","2026년 3월 19일 PM 10시 0분 0초 UTC+9","2026년 3월 20일 AM 7시 50분 0초 UTC+9","gold price","./explore?q=gold%20price&geo=KR"
"한화에어로스페이스 주가","100+","2026년 3월 23일 AM 10시 0분 0초 UTC+9","2026년 3월 23일 AM 10시 40분 0초 UTC+9","한화에어로스페이스 주가","./explore?q=%ED%95%9C%ED%99%94%EC%97%90%EC%96%B4%EB%A1%9C%EC%8A%A4%ED%8E%98%EC%9D%B4%EC%8A%A4%20%EC%A3%BC%EA%B0%80&geo=KR"
"다이렉트게임즈","100+","2026년 3월 20일 AM 2시 40분 0초 UTC+9","2026년 3월 20일 AM 8시 20분 0초 UTC+9","다이렉트게임즈","./explore?q=%EB%8B%A4%EC%9D%B4%EB%A0%89%ED%8A%B8%EA%B2%8C%EC%9E%84%EC%A6%88&geo=KR"
"삼성라이온즈","200+","2026년 3월 20일 AM 10시 30분 0초 UTC+9","2026년 3월 20일 PM 12시 0분 0초 UTC+9","삼성라이온즈","./explore?q=%EC%82%BC%EC%84%B1%EB%9D%BC%EC%9D%B4%EC%98%A8%EC%A6%88&geo=KR"
"kick","100+","2026년 3월 23일 AM 3시 30분 0초 UTC+9","2026년 3월 23일 AM 5시 20분 0초 UTC+9","kick,juventus vs sassuolo","./explore?q=kick&geo=KR"
"newcastle đấu với sunderland","100+","2026년 3월 22일 PM 9시 30분 0초 UTC+9","2026년 3월 22일 PM 10시 20분 0초 UTC+9","newcastle đấu với sunderland","./explore?q=newcastle%20%C4%91%E1%BA%A5u%20v%E1%BB%9Bi%20sunderland&geo=KR"
"한화 이글스","100+","2026년 3월 21일 AM 10시 30분 0초 UTC+9","2026년 3월 21일 PM 12시 0분 0초 UTC+9","한화 이글스","./explore?q=%ED%95%9C%ED%99%94%20%EC%9D%B4%EA%B8%80%EC%8A%A4&geo=KR"
"라이언 고슬링","100+","2026년 3월 21일 PM 6시 50분 0초 UTC+9","2026년 3월 21일 PM 9시 10분 0초 UTC+9","라이언 고슬링","./explore?q=%EB%9D%BC%EC%9D%B4%EC%96%B8%20%EA%B3%A0%EC%8A%AC%EB%A7%81&geo=KR"
"리버풀 fc","200+","2026년 3월 21일 PM 11시 10분 0초 UTC+9","2026년 3월 22일 AM 12시 20분 0초 UTC+9","리버풀 fc,노아 랑","./explore?q=%EB%A6%AC%EB%B2%84%ED%92%80%20fc&geo=KR"
"하나투어","200+","2026년 3월 24일 PM 1시 40분 0초 UTC+9","2026년 3월 24일 PM 2시 0분 0초 UTC+9","하나투어","./explore?q=%ED%95%98%EB%82%98%ED%88%AC%EC%96%B4&geo=KR"
"aston villa đấu với losc","100+","2026년 3월 20일 AM 7시 0분 0초 UTC+9","2026년 3월 20일 AM 8시 30분 0초 UTC+9","aston villa đấu với losc","./explore?q=aston%20villa%20%C4%91%E1%BA%A5u%20v%E1%BB%9Bi%20losc&geo=KR"
"대구날씨","100+","2026년 3월 22일 AM 9시 20분 0초 UTC+9","2026년 3월 22일 AM 10시 30분 0초 UTC+9","대구날씨","./explore?q=%EB%8C%80%EA%B5%AC%EB%82%A0%EC%94%A8&geo=KR"
"김병헌","100+","2026년 3월 21일 AM 7시 0분 0초 UTC+9","2026년 3월 21일 AM 8시 40분 0초 UTC+9","김병헌","./explore?q=%EA%B9%80%EB%B3%91%ED%97%8C&geo=KR"
"경기남부경찰청","100+","2026년 3월 20일 PM 5시 0분 0초 UTC+9","2026년 3월 20일 PM 6시 10분 0초 UTC+9","경기남부경찰청","./explore?q=%EA%B2%BD%EA%B8%B0%EB%82%A8%EB%B6%80%EA%B2%BD%EC%B0%B0%EC%B2%AD&geo=KR"
"시간","100+","2026년 3월 23일 PM 2시 20분 0초 UTC+9","2026년 3월 23일 PM 2시 50분 0초 UTC+9","시간","./explore?q=%EC%8B%9C%EA%B0%84&geo=KR"
"코인니스","100+","2026년 3월 22일 AM 9시 10분 0초 UTC+9","2026년 3월 22일 AM 10시 10분 0초 UTC+9","코인니스","./explore?q=%EC%BD%94%EC%9D%B8%EB%8B%88%EC%8A%A4&geo=KR"
"europa league","100+","2026년 3월 20일 AM 6시 20분 0초 UTC+9","2026년 3월 20일 AM 8시 10분 0초 UTC+9","europa league","./explore?q=europa%20league&geo=KR"
"하나증권","100+","2026년 3월 20일 PM 1시 0분 0초 UTC+9","2026년 3월 20일 PM 2시 10분 0초 UTC+9","하나증권","./explore?q=%ED%95%98%EB%82%98%EC%A6%9D%EA%B6%8C&geo=KR"
"twitch","100+","2026년 3월 20일 AM 7시 0분 0초 UTC+9","2026년 3월 20일 AM 8시 30분 0초 UTC+9","twitch,crimson desert","./explore?q=twitch&geo=KR"
"강남","100+","2026년 3월 21일 AM 12시 0분 0초 UTC+9","2026년 3월 21일 AM 1시 10분 0초 UTC+9","강남","./explore?q=%EA%B0%95%EB%82%A8&geo=KR"
"변우석","100+","2026년 3월 21일 PM 2시 30분 0초 UTC+9","2026년 3월 21일 PM 3시 40분 0초 UTC+9","변우석","./explore?q=%EB%B3%80%EC%9A%B0%EC%84%9D&geo=KR"
"하나투어","200+","2026년 3월 20일 AM 11시 10분 0초 UTC+9","2026년 3월 20일 PM 12시 20분 0초 UTC+9","하나투어","./explore?q=%ED%95%98%EB%82%98%ED%88%AC%EC%96%B4&geo=KR"
"1달러","100+","2026년 3월 23일 AM 10시 20분 0초 UTC+9","2026년 3월 23일 AM 11시 10분 0초 UTC+9","1달러","./explore?q=1%EB%8B%AC%EB%9F%AC&geo=KR"
"주우재","100+","2026년 3월 21일 PM 7시 20분 0초 UTC+9","2026년 3월 21일 PM 8시 20분 0초 UTC+9","주우재","./explore?q=%EC%A3%BC%EC%9A%B0%EC%9E%AC&geo=KR"
"kick","200+","2026년 3월 20일 AM 12시 30분 0초 UTC+9","2026년 3월 20일 AM 3시 50분 0초 UTC+9","kick","./explore?q=kick&geo=KR"
"롯데자이언츠","100+","2026년 3월 21일 PM 4시 50분 0초 UTC+9","2026년 3월 21일 PM 5시 50분 0초 UTC+9","롯데자이언츠","./explore?q=%EB%A1%AF%EB%8D%B0%EC%9E%90%EC%9D%B4%EC%96%B8%EC%B8%A0&geo=KR"
"삼성라이온즈","100+","2026년 3월 23일 AM 10시 50분 0초 UTC+9","2026년 3월 23일 AM 11시 20분 0초 UTC+9","삼성라이온즈","./explore?q=%EC%82%BC%EC%84%B1%EB%9D%BC%EC%9D%B4%EC%98%A8%EC%A6%88&geo=KR"
"프로야구 개막","100+","2026년 3월 21일 PM 1시 40분 0초 UTC+9","2026년 3월 21일 PM 4시 10분 0초 UTC+9","프로야구 개막,kbo 개막","./explore?q=%ED%94%84%EB%A1%9C%EC%95%BC%EA%B5%AC%20%EA%B0%9C%EB%A7%89&geo=KR"
"추미애","100+","2026년 3월 20일 AM 8시 20분 0초 UTC+9","2026년 3월 20일 AM 9시 40분 0초 UTC+9","추미애","./explore?q=%EC%B6%94%EB%AF%B8%EC%95%A0&geo=KR"
"대우건설","200+","2026년 3월 20일 AM 10시 10분 0초 UTC+9","2026년 3월 20일 PM 12시 40분 0초 UTC+9","대우건설","./explore?q=%EB%8C%80%EC%9A%B0%EA%B1%B4%EC%84%A4&geo=KR"
"aek larnaca vs crystal palace","100+","2026년 3월 20일 AM 7시 10분 0초 UTC+9","2026년 3월 20일 AM 8시 30분 0초 UTC+9","aek larnaca vs crystal palace","./explore?q=aek%20larnaca%20vs%20crystal%20palace&geo=KR"
"토스 한강물","100+","2026년 3월 19일 PM 6시 10분 0초 UTC+9","2026년 3월 19일 PM 7시 40분 0초 UTC+9","토스 한강물","./explore?q=%ED%86%A0%EC%8A%A4%20%ED%95%9C%EA%B0%95%EB%AC%BC&geo=KR"
"염혜란","100+","2026년 3월 22일 PM 2시 30분 0초 UTC+9","2026년 3월 22일 PM 3시 0분 0초 UTC+9","염혜란","./explore?q=%EC%97%BC%ED%98%9C%EB%9E%80&geo=KR"
"lg트윈스","100+","2026년 3월 20일 PM 2시 10분 0초 UTC+9","2026년 3월 20일 PM 3시 0분 0초 UTC+9","lg트윈스","./explore?q=lg%ED%8A%B8%EC%9C%88%EC%8A%A4&geo=KR"
"아랍에미리트","100+","2026년 3월 20일 PM 7시 20분 0초 UTC+9","2026년 3월 20일 PM 8시 20분 0초 UTC+9","아랍에미리트","./explore?q=%EC%95%84%EB%9E%8D%EC%97%90%EB%AF%B8%EB%A6%AC%ED%8A%B8&geo=KR"
"lec","100+","2026년 3월 22일 AM 1시 10분 0초 UTC+9","2026년 3월 22일 AM 1시 50분 0초 UTC+9","lec","./explore?q=lec&geo=KR"
"김재원","100+","2026년 3월 20일 AM 11시 40분 0초 UTC+9","2026년 3월 20일 PM 12시 40분 0초 UTC+9","김재원","./explore?q=%EA%B9%80%EC%9E%AC%EC%9B%90&geo=KR"
"롯데콘서트홀","100+","2026년 3월 20일 PM 1시 40분 0초 UTC+9","2026년 3월 20일 PM 2시 40분 0초 UTC+9","롯데콘서트홀","./explore?q=%EB%A1%AF%EB%8D%B0%EC%BD%98%EC%84%9C%ED%8A%B8%ED%99%80&geo=KR"
"아마존","100+","2026년 3월 21일 AM 6시 30분 0초 UTC+9","2026년 3월 21일 AM 8시 20분 0초 UTC+9","아마존,amazon","./explore?q=%EC%95%84%EB%A7%88%EC%A1%B4&geo=KR"
"보험연수원","100+","2026년 3월 23일 AM 9시 10분 0초 UTC+9","2026년 3월 23일 AM 9시 40분 0초 UTC+9","보험연수원","./explore?q=%EB%B3%B4%ED%97%98%EC%97%B0%EC%88%98%EC%9B%90&geo=KR"
"유해진","100+","2026년 3월 22일 AM 10시 20분 0초 UTC+9","2026년 3월 22일 AM 10시 50분 0초 UTC+9","유해진","./explore?q=%EC%9C%A0%ED%95%B4%EC%A7%84&geo=KR"
"하나투어","200+","2026년 3월 19일 AM 11시 10분 0초 UTC+9","2026년 3월 19일 PM 12시 10분 0초 UTC+9","하나투어","./explore?q=%ED%95%98%EB%82%98%ED%88%AC%EC%96%B4&geo=KR"
"독도","100+","2026년 3월 19일 AM 11시 30분 0초 UTC+9","2026년 3월 19일 PM 12시 40분 0초 UTC+9","독도","./explore?q=%EB%8F%85%EB%8F%84&geo=KR"
"ssg","100+","2026년 3월 21일 AM 11시 0분 0초 UTC+9","2026년 3월 21일 AM 11시 50분 0초 UTC+9","ssg","./explore?q=ssg&geo=KR"
"시간","100+","2026년 3월 21일 AM 10시 50분 0초 UTC+9","2026년 3월 21일 AM 11시 50분 0초 UTC+9","시간","./explore?q=%EC%8B%9C%EA%B0%84&geo=KR"
"벚꽃 개화 시기","100+","2026년 3월 19일 PM 12시 40분 0초 UTC+9","2026년 3월 19일 PM 7시 10분 0초 UTC+9","벚꽃 개화 시기","./explore?q=%EB%B2%9A%EA%BD%83%20%EA%B0%9C%ED%99%94%20%EC%8B%9C%EA%B8%B0&geo=KR"
"에어로케이","100+","2026년 3월 19일 AM 11시 30분 0초 UTC+9","2026년 3월 19일 PM 12시 20분 0초 UTC+9","에어로케이","./explore?q=%EC%97%90%EC%96%B4%EB%A1%9C%EC%BC%80%EC%9D%B4&geo=KR"
"bfx","100+","2026년 3월 21일 AM 12시 40분 0초 UTC+9","2026년 3월 21일 AM 1시 20분 0초 UTC+9","bfx","./explore?q=bfx&geo=KR"
"리센스메디컬","100+","2026년 3월 20일 AM 10시 20분 0초 UTC+9","2026년 3월 20일 AM 11시 10분 0초 UTC+9","리센스메디컬","./explore?q=%EB%A6%AC%EC%84%BC%EC%8A%A4%EB%A9%94%EB%94%94%EC%BB%AC&geo=KR"
"제주도","100+","2026년 3월 19일 AM 11시 30분 0초 UTC+9","2026년 3월 19일 PM 2시 20분 0초 UTC+9","제주도","./explore?q=%EC%A0%9C%EC%A3%BC%EB%8F%84&geo=KR"
"꼬꼬무","100+","2026년 3월 19일 PM 11시 20분 0초 UTC+9","2026년 3월 20일 AM 12시 10분 0초 UTC+9","꼬꼬무","./explore?q=%EA%BC%AC%EA%BC%AC%EB%AC%B4&geo=KR"
"asml","100+","2026년 3월 19일 PM 5시 50분 0초 UTC+9","2026년 3월 19일 PM 6시 30분 0초 UTC+9","asml","./explore?q=asml&geo=KR"
"대한민국구석구석","100+","2026년 3월 19일 AM 11시 20분 0초 UTC+9","2026년 3월 19일 PM 12시 10분 0초 UTC+9","대한민국구석구석","./explore?q=%EB%8C%80%ED%95%9C%EB%AF%BC%EA%B5%AD%EA%B5%AC%EC%84%9D%EA%B5%AC%EC%84%9D&geo=KR"
"줌","100+","2026년 3월 21일 AM 9시 20분 0초 UTC+9","2026년 3월 21일 AM 9시 50분 0초 UTC+9","줌","./explore?q=%EC%A4%8C&geo=KR"
"도미노피자","100+","2026년 3월 21일 PM 12시 50분 0초 UTC+9","2026년 3월 21일 PM 1시 40분 0초 UTC+9","도미노피자","./explore?q=%EB%8F%84%EB%AF%B8%EB%85%B8%ED%94%BC%EC%9E%90&geo=KR"
"twitch","100+","2026년 3월 21일 PM 9시 0분 0초 UTC+9","2026년 3월 21일 PM 9시 20분 0초 UTC+9","twitch","./explore?q=twitch&geo=KR"
"기아","100+","2026년 3월 21일 PM 2시 50분 0초 UTC+9","2026년 3월 21일 PM 3시 10분 0초 UTC+9","기아","./explore?q=%EA%B8%B0%EC%95%84&geo=KR"
"fm","100+","2026년 3월 22일 AM 12시 50분 0초 UTC+9","2026년 3월 22일 AM 1시 10분 0초 UTC+9","fm","./explore?q=fm&geo=KR"
"원격","100+","2026년 3월 20일 AM 9시 10분 0초 UTC+9","2026년 3월 20일 AM 9시 30분 0초 UTC+9","원격","./explore?q=%EC%9B%90%EA%B2%A9&geo=KR"